timestamp,token_id,symbol,activation_strength,usage_count,cluster_stability,cross_modal_strength,stage,associated_tokens
2026-08-22 21:56:37,16,"ph_0_0",0.978139,1,0.2,0,0,"ph_1_0;mama"
2026-08-22 21:56:37,18,"ba",0.0349959,1,0.2,0,0,"ph_0_0;ph_1_0;mama"
2026-08-22 21:56:37,24,"ph_4_3",0.335956,1,0.2,0,0,"ph_0_0;ph_1_0;mama;ph_1_3;ph_2_3"
2026-08-22 21:56:37,16,"ph_0_0",0.865819,1,0.583333,0,0,"ph_1_0;mama;ph_1_3;ph_2_3;ph_4_3"
2026-08-22 21:56:37,17,"ph_1_0",0.298016,1,0.2,0,1,"ph_0_0;mama;ph_1_3;ph_2_3;ph_4_3;ph_2_0"
2026-08-22 21:56:37,17,"ph_1_0",0.298016,1,0.583333,0,1,"ph_0_0;mama;ph_1_3;ph_2_3;ph_4_3;ph_2_0"
2026-08-22 21:56:37,17,"ph_1_0",0.298016,1,0.642857,0,1,"ph_0_0;mama;ph_1_3;ph_2_3;ph_4_3;ph_2_0;ph_1_2;ph_2_2;ph_3_2;ph_4_2"
2026-08-22 21:56:37,29,"ph_1_2",0.534024,1,0.2,0,1,"ph_0_0;ph_1_0;mama;ph_1_3;ph_2_3;ph_4_3;ph_2_0;ph_2_2;ph_3_2;ph_4_2"
2026-08-22 21:56:37,21,"ph_1_3",0.918765,1,0.2,0,1,"ph_0_0;ph_1_0;mama;ph_2_3;ph_4_3;ph_2_0;ph_1_2;ph_2_2;ph_3_2;ph_4_2;babble_d_3"
2026-08-22 21:56:37,33,"gaga",0.0216001,1,0.2,0,1,"ph_0_0;ph_1_0;mama;ph_1_3;ph_2_3;ph_4_3;ph_2_0;ph_1_2;ph_2_2;ph_3_2;ph_4_2;babble_d_3"
2026-08-22 21:56:37,27,"ph_2_0",0.786435,1,0.2,0,1,"ph_0_0;ph_1_0;mama;ph_1_3;ph_2_3;ph_4_3;ph_1_2;ph_2_2;ph_3_2;ph_4_2;babble_d_3;ph_0_4;ph_3_4"
2026-08-22 21:56:37,40,"ph_3_4",0.218298,1,0.2,0,1,"ph_0_0;ph_1_0;mama;ph_1_3;ph_2_3;ph_4_3;ph_2_0;ph_1_2;ph_2_2;ph_3_2;ph_4_2;babble_d_3;ph_0_4"
2026-08-22 21:56:37,27,"ph_2_0",0.786435,1,0.583333,0,1,"ph_0_0;ph_1_0;mama;ph_1_3;ph_2_3;ph_4_3;ph_1_2;ph_2_2;ph_3_2;ph_4_2;babble_d_3;ph_0_4;ph_3_4"
2026-08-22 21:56:37,40,"ph_3_4",0.218298,1,0.583333,0,1,"ph_0_0;ph_1_0;mama;ph_1_3;ph_2_3;ph_4_3;ph_2_0;ph_1_2;ph_2_2;ph_3_2;ph_4_2;babble_d_3;ph_0_4"
2026-08-22 21:56:37,27,"ph_2_0",0.786435,1,0.642857,0,1,"ph_0_0;ph_1_0;mama;ph_1_3;ph_2_3;ph_4_3;ph_1_2;ph_2_2;ph_3_2;ph_4_2;babble_d_3;ph_0_4;ph_3_4;babble_o_6;babble_m_6;ph_1_6;ph_2_6;ball"
2026-08-22 21:56:37,40,"ph_3_4",0.218298,1,0.642857,0,1,"ph_0_0;ph_1_0;mama;ph_1_3;ph_2_3;ph_4_3;ph_2_0;ph_1_2;ph_2_2;ph_3_2;ph_4_2;babble_d_3;ph_0_4;babble_o_6;babble_m_6;ph_1_6;ph_2_6;ball"
2026-08-22 21:56:37,22,"ph_2_3",0.627188,1,0.2,0,1,"ph_0_0;ph_1_0;mama;ph_1_3;ph_4_3;ph_2_0;ph_1_2;ph_2_2;ph_3_2;ph_4_2;babble_d_3;ph_0_4;ph_3_4;babble_o_6;babble_m_6;ph_1_6;ph_2_6;ball"
2026-08-22 21:56:37,37,"ph_0_4",0.520545,1,0.2,0,1,"ph_0_0;ph_1_0;mama;ph_1_3;ph_2_3;ph_4_3;ph_2_0;ph_1_2;ph_2_2;ph_3_2;ph_4_2;babble_d_3;ph_3_4;babble_o_6;babble_m_6;ph_1_6;ph_2_6;ball"
2026-08-22 21:56:37,19,"mama",1,1,0.2,0.256211,1,"ph_0_0;ph_1_0;ph_1_3;ph_2_3;ph_4_3;ph_2_0;ph_1_2;ph_2_2;ph_3_2;ph_4_2;babble_d_3;ph_0_4;ph_3_4;babble_o_6;babble_m_6;ph_1_6;ph_2_6;ball;ph_0_8;ph_1_8;ph_2_8;ph_3_8;ph_4_8"
2026-08-22 21:56:37,31,"ph_3_2",0.382182,1,0.2,0,1,"ph_0_0;ph_1_0;mama;ph_1_3;ph_2_3;ph_4_3;ph_2_0;ph_1_2;ph_2_2;ph_4_2;babble_d_3;ph_0_4;ph_3_4;babble_o_6;babble_m_6;ph_1_6;ph_2_6;ball;ph_0_8;ph_1_8;ph_2_8;ph_3_8;ph_4_8"
2026-08-22 21:56:37,48,"ph_0_8",0.838884,1,0.2,0,1,"ph_0_0;ph_1_0;mama;ph_1_3;ph_2_3;ph_4_3;ph_2_0;ph_1_2;ph_2_2;ph_3_2;ph_4_2;babble_d_3;ph_0_4;ph_3_4;babble_o_6;babble_m_6;ph_1_6;ph_2_6;ball;ph_1_8;ph_2_8;ph_3_8;ph_4_8"
2026-08-22 21:56:37,21,"ph_1_3",0.918765,1,0.583333,0,1,"ph_0_0;ph_1_0;mama;ph_2_3;ph_4_3;ph_2_0;ph_1_2;ph_2_2;ph_3_2;ph_4_2;babble_d_3;ph_0_4;ph_3_4;babble_o_6;babble_m_6;ph_1_6;ph_2_6;ball;ph_0_8;ph_1_8;ph_2_8;ph_3_8;ph_4_8;babble_p_9"
2026-08-22 21:56:37,33,"gaga",0.0216001,1,0.583333,0,1,"ph_0_0;ph_1_0;mama;ph_1_3;ph_2_3;ph_4_3;ph_2_0;ph_1_2;ph_2_2;ph_3_2;ph_4_2;babble_d_3;ph_0_4;ph_3_4;babble_o_6;babble_m_6;ph_1_6;ph_2_6;ball;ph_0_8;ph_1_8;ph_2_8;ph_3_8;ph_4_8;babble_p_9"
2026-08-22 21:56:37,50,"ph_2_8",0.668822,1,0.2,0,1,"ph_0_0;ph_1_0;mama;ph_1_3;ph_2_3;ph_4_3;ph_2_0;ph_1_2;ph_2_2;ph_3_2;ph_4_2;babble_d_3;ph_0_4;ph_3_4;babble_o_6;babble_m_6;ph_1_6;ph_2_6;ball;ph_0_8;ph_1_8;ph_3_8;ph_4_8;babble_p_9"
2026-08-22 21:56:37,23,"ph_3_3",0.0974328,1,0.2,0,1,"ph_0_0;ph_1_0;mama;ph_1_3;ph_2_3;ph_4_3;ph_2_0;ph_1_2;ph_2_2;ph_3_2;ph_4_2;babble_d_3;ph_0_4;ph_3_4;babble_o_6;babble_m_6;ph_1_6;ph_2_6;ball;ph_0_8;ph_1_8;ph_2_8;ph_3_8;ph_4_8;babble_p_9;ph_0_10;ph_1_10;ph_2_10;ph_3_10"
2026-08-22 21:56:37,38,"ph_1_4",0.0710369,1,0.2,0,1,"ph_0_0;ph_1_0;mama;ph_1_3;ph_2_3;ph_4_3;ph_2_0;ph_1_2;ph_2_2;ph_3_2;ph_4_2;babble_d_3;ph_0_4;ph_3_4;babble_o_6;babble_m_6;ph_1_6;ph_2_6;ball;ph_0_8;ph_1_8;ph_2_8;ph_3_8;ph_4_8;babble_p_9;ph_0_10;ph_1_10;ph_2_10;ph_3_10"
2026-08-22 21:56:37,52,"ph_4_8",0.481015,1,0.2,0,1,"ph_0_0;ph_1_0;mama;ph_1_3;ph_2_3;ph_4_3;ph_2_0;ph_1_2;ph_2_2;ph_3_2;ph_4_2;babble_d_3;ph_0_4;ph_3_4;babble_o_6;babble_m_6;ph_1_6;ph_2_6;ball;ph_0_8;ph_1_8;ph_2_8;ph_3_8;babble_p_9;ph_0_10;ph_1_10;ph_2_10;ph_3_10"
2026-08-22 21:56:37,21,"ph_1_3",0.918765,1,0.642857,0,2,"ph_0_0;ph_1_0;mama;ph_2_3;ph_4_3;ph_2_0;ph_1_2;ph_2_2;ph_3_2;ph_4_2;babble_d_3;ph_0_4;ph_3_4;babble_o_6;babble_m_6;ph_1_6;ph_2_6;ball;ph_0_8;ph_1_8;ph_2_8;ph_3_8;ph_4_8;babble_p_9;ph_0_10;ph_1_10;ph_2_10;ph_3_10"
2026-08-22 21:56:37,33,"gaga",0.0306001,2,0.642857,0,2,"ph_0_0;ph_1_0;mama;ph_1_3;ph_2_3;ph_4_3;ph_2_0;ph_1_2;ph_2_2;ph_3_2;ph_4_2;babble_d_3;ph_0_4;ph_3_4;babble_o_6;babble_m_6;ph_1_6;ph_2_6;ball;ph_0_8;ph_1_8;ph_2_8;ph_3_8;ph_4_8;babble_p_9;ph_0_10;ph_1_10;ph_2_10;ph_3_10"
2026-08-22 21:56:37,50,"ph_2_8",0.668822,1,0.583333,0,2,"ph_0_0;ph_1_0;mama;ph_1_3;ph_2_3;ph_4_3;ph_2_0;ph_1_2;ph_2_2;ph_3_2;ph_4_2;babble_d_3;ph_0_4;ph_3_4;babble_o_6;babble_m_6;ph_1_6;ph_2_6;ball;ph_0_8;ph_1_8;ph_3_8;ph_4_8;babble_p_9;ph_0_10;ph_1_10;ph_2_10;ph_3_10"
2026-08-22 21:56:37,19,"mama",1,1,0.583333,0.256211,2,"ph_0_0;ph_1_0;ph_1_3;ph_2_3;ph_4_3;ph_2_0;ph_1_2;ph_2_2;ph_3_2;ph_4_2;babble_d_3;ph_0_4;ph_3_4;babble_o_6;babble_m_6;ph_1_6;ph_2_6;ball;ph_0_8;ph_1_8;ph_2_8;ph_3_8;ph_4_8;babble_p_9;ph_0_10;ph_1_10;ph_2_10;ph_3_10"
2026-08-22 21:56:37,31,"ph_3_2",0.382182,1,0.583333,0,2,"ph_0_0;ph_1_0;mama;ph_1_3;ph_2_3;ph_4_3;ph_2_0;ph_1_2;ph_2_2;ph_4_2;babble_d_3;ph_0_4;ph_3_4;babble_o_6;babble_m_6;ph_1_6;ph_2_6;ball;ph_0_8;ph_1_8;ph_2_8;ph_3_8;ph_4_8;babble_p_9;ph_0_10;ph_1_10;ph_2_10;ph_3_10"
2026-08-22 21:56:37,48,"ph_0_8",0.838884,1,0.583333,0,2,"ph_0_0;ph_1_0;mama;ph_1_3;ph_2_3;ph_4_3;ph_2_0;ph_1_2;ph_2_2;ph_3_2;ph_4_2;babble_d_3;ph_0_4;ph_3_4;babble_o_6;babble_m_6;ph_1_6;ph_2_6;ball;ph_1_8;ph_2_8;ph_3_8;ph_4_8;babble_p_9;ph_0_10;ph_1_10;ph_2_10;ph_3_10"
2026-08-22 21:56:37,17,"ph_1_0",0.298016,1,0.6875,0,2,"ph_0_0;mama;ph_1_3;ph_2_3;ph_4_3;ph_2_0;ph_1_2;ph_2_2;ph_3_2;ph_4_2;babble_d_3;ph_0_4;ph_3_4;babble_o_6;babble_m_6;ph_1_6;ph_2_6;ball;ph_0_8;ph_1_8;ph_2_8;ph_3_8;ph_4_8;babble_p_9;ph_0_10;ph_1_10;ph_2_10;ph_3_10"
2026-08-22 21:56:37,29,"ph_1_2",0.534024,1,0.583333,0,2,"ph_0_0;ph_1_0;mama;ph_1_3;ph_2_3;ph_4_3;ph_2_0;ph_2_2;ph_3_2;ph_4_2;babble_d_3;ph_0_4;ph_3_4;babble_o_6;babble_m_6;ph_1_6;ph_2_6;ball;ph_0_8;ph_1_8;ph_2_8;ph_3_8;ph_4_8;babble_p_9;ph_0_10;ph_1_10;ph_2_10;ph_3_10"
2026-08-22 21:56:37,45,"ph_1_6",0.757869,1,0.2,0,2,"ph_0_0;ph_1_0;mama;ph_1_3;ph_2_3;ph_4_3;ph_2_0;ph_1_2;ph_2_2;ph_3_2;ph_4_2;babble_d_3;ph_0_4;ph_3_4;babble_o_6;babble_m_6;ph_2_6;ball;ph_0_8;ph_1_8;ph_2_8;ph_3_8;ph_4_8;babble_p_9;ph_0_10;ph_1_10;ph_2_10;ph_3_10"
2026-08-22 21:56:37,59,"ph_3_10",0.371964,1,0.2,0,2,"ph_0_0;ph_1_0;mama;ph_1_3;ph_2_3;ph_4_3;ph_2_0;ph_1_2;ph_2_2;ph_3_2;ph_4_2;babble_d_3;ph_0_4;ph_3_4;babble_o_6;babble_m_6;ph_1_6;ph_2_6;ball;ph_0_8;ph_1_8;ph_2_8;ph_3_8;ph_4_8;babble_p_9;ph_0_10;ph_1_10;ph_2_10"
2026-08-22 21:56:37,27,"ph_2_0",0.786435,1,0.6875,0,2,"look;ph_0_0;ph_1_0;mama;ph_0_3;ph_1_3;ph_2_3;ph_4_3;ph_1_2;ph_2_2;ph_3_2;ph_4_2;babble_d_3;ph_0_4;ph_3_4;babble_o_6;babble_m_6;ph_1_6;ph_2_6;ball;ph_0_8;ph_1_8;ph_2_8;ph_3_8;ph_4_8;babble_p_9;ph_0_10;ph_1_10;ph_2_10;ph_3_10"
2026-08-22 21:56:37,40,"ph_3_4",0.218298,1,0.6875,0,2,"look;ph_0_0;ph_1_0;mama;ph_0_3;ph_1_3;ph_2_3;ph_4_3;ph_2_0;ph_1_2;ph_2_2;ph_3_2;ph_4_2;babble_d_3;ph_0_4;babble_o_6;babble_m_6;ph_1_6;ph_2_6;ball;ph_0_8;ph_1_8;ph_2_8;ph_3_8;ph_4_8;babble_p_9;ph_0_10;ph_1_10;ph_2_10;ph_3_10"
2026-08-22 21:56:37,57,"ph_1_10",0.963858,1,0.2,0,2,"look;ph_0_0;ph_1_0;mama;ph_0_3;ph_1_3;ph_2_3;ph_4_3;ph_2_0;ph_1_2;ph_2_2;ph_3_2;ph_4_2;babble_d_3;ph_0_4;ph_3_4;babble_o_6;babble_m_6;ph_1_6;ph_2_6;ball;ph_0_8;ph_1_8;ph_2_8;ph_3_8;ph_4_8;babble_p_9;ph_0_10;ph_2_10;ph_3_10"
2026-08-22 21:56:37,22,"ph_2_3",0.627188,1,0.583333,0,2,"look;ph_0_0;ph_1_0;mama;ph_0_3;ph_1_3;ph_4_3;ph_2_0;ph_1_2;ph_2_2;ph_3_2;ph_4_2;babble_d_3;ph_0_4;ph_3_4;babble_o_6;babble_m_6;ph_1_6;ph_2_6;ball;ph_0_8;ph_1_8;ph_2_8;ph_3_8;ph_4_8;babble_p_9;ph_0_10;ph_1_10;ph_2_10;ph_3_10"
2026-08-22 21:56:37,37,"ph_0_4",0.520545,1,0.583333,0,2,"look;ph_0_0;ph_1_0;mama;ph_0_3;ph_1_3;ph_2_3;ph_4_3;ph_2_0;ph_1_2;ph_2_2;ph_3_2;ph_4_2;babble_d_3;ph_3_4;babble_o_6;babble_m_6;ph_1_6;ph_2_6;ball;ph_0_8;ph_1_8;ph_2_8;ph_3_8;ph_4_8;babble_p_9;ph_0_10;ph_1_10;ph_2_10;ph_3_10"
2026-08-22 21:56:37,51,"ph_3_8",0.617498,1,0.2,0,2,"look;ph_0_0;ph_1_0;mama;ph_0_3;ph_1_3;ph_2_3;ph_4_3;ph_2_0;ph_1_2;ph_2_2;ph_3_2;ph_4_2;babble_d_3;ph_0_4;ph_3_4;babble_o_6;babble_m_6;ph_1_6;ph_2_6;ball;ph_0_8;ph_1_8;ph_2_8;ph_4_8;babble_p_9;ph_0_10;ph_1_10;ph_2_10;ph_3_10"
2026-08-22 21:56:37,19,"mama",1,1,0.642857,0.256211,2,"look;ph_0_0;ph_1_0;ph_0_3;ph_1_3;ph_2_3;ph_4_3;ph_2_0;ph_1_2;ph_2_2;ph_3_2;ph_4_2;babble_d_3;ph_0_4;ph_3_4;babble_o_6;babble_m_6;ph_1_6;ph_2_6;ball;ph_0_8;ph_1_8;ph_2_8;ph_3_8;ph_4_8;babble_p_9;ph_0_10;ph_1_10;ph_2_10;ph_3_10"
2026-08-22 21:56:37,31,"ph_3_2",0.382182,1,0.642857,0,2,"look;ph_0_0;ph_1_0;mama;ph_0_3;ph_1_3;ph_2_3;ph_4_3;ph_2_0;ph_1_2;ph_2_2;ph_4_2;babble_d_3;ph_0_4;ph_3_4;babble_o_6;babble_m_6;ph_1_6;ph_2_6;ball;ph_0_8;ph_1_8;ph_2_8;ph_3_8;ph_4_8;babble_p_9;ph_0_10;ph_1_10;ph_2_10;ph_3_10"
2026-08-22 21:56:37,48,"ph_0_8",0.838884,1,0.642857,0,2,"look;ph_0_0;ph_1_0;mama;ph_0_3;ph_1_3;ph_2_3;ph_4_3;ph_2_0;ph_1_2;ph_2_2;ph_3_2;ph_4_2;babble_d_3;ph_0_4;ph_3_4;babble_o_6;babble_m_6;ph_1_6;ph_2_6;ball;ph_1_8;ph_2_8;ph_3_8;ph_4_8;babble_p_9;ph_0_10;ph_1_10;ph_2_10;ph_3_10"
2026-08-22 21:56:37,16,"ph_0_0",0.967547,1,0.626009,0,2,"look;ph_1_0;mama;ph_0_3;ph_1_3;ph_2_3;ph_4_3;ph_2_0;ph_1_2;ph_2_2;ph_3_2;ph_4_2;babble_d_3;ph_0_4;ph_3_4;babble_o_6;babble_m_6;ph_1_6;ph_2_6;ball;ph_0_8;ph_1_8;ph_2_8;ph_3_8;ph_4_8;babble_p_9;ph_0_10;ph_1_10;ph_2_10;ph_3_10"
2026-08-22 21:56:37,28,"ph_0_2",0.0549895,1,0.2,0,2,"look;ph_0_0;ph_1_0;mama;ph_0_3;ph_1_3;ph_2_3;ph_4_3;ph_2_0;ph_1_2;ph_2_2;ph_3_2;ph_4_2;babble_d_3;ph_0_4;ph_3_4;babble_o_6;babble_m_6;ph_1_6;ph_2_6;ball;ph_0_8;ph_1_8;ph_2_8;ph_3_8;ph_4_8;babble_p_9;ph_0_10;ph_1_10;ph_2_10;ph_3_10"
2026-08-22 21:56:37,44,"ph_0_6",0.0318073,1,0.2,0,2,"look;ph_0_0;ph_1_0;mama;ph_0_3;ph_1_3;ph_2_3;ph_4_3;ph_2_0;ph_1_2;ph_2_2;ph_3_2;ph_4_2;babble_d_3;ph_0_4;ph_3_4;babble_o_6;babble_m_6;ph_1_6;ph_2_6;ball;ph_0_8;ph_1_8;ph_2_8;ph_3_8;ph_4_8;babble_p_9;ph_0_10;ph_1_10;ph_2_10;ph_3_10"
2026-08-22 21:56:37,58,"ph_2_10",0.880002,1,0.2,0,2,"look;ph_0_0;ph_1_0;mama;ph_0_3;ph_1_3;ph_2_3;ph_4_3;ph_2_0;ph_1_2;ph_2_2;ph_3_2;ph_4_2;babble_d_3;ph_0_4;ph_3_4;babble_o_6;babble_m_6;ph_1_6;ph_2_6;ball;ph_0_8;ph_1_8;ph_2_8;ph_3_8;ph_4_8;babble_p_9;ph_0_10;ph_1_10;ph_3_10"
2026-08-22 21:56:37,23,"ph_3_3",0.0974328,1,0.583333,0,2,"look;ph_0_0;ph_1_0;mama;ph_0_3;ph_1_3;ph_2_3;ph_4_3;ph_2_0;ph_1_2;ph_2_2;ph_3_2;ph_4_2;babble_d_3;ph_0_4;ph_3_4;babble_o_6;babble_m_6;ph_1_6;ph_2_6;ball;ph_0_8;ph_1_8;ph_2_8;ph_3_8;ph_4_8;babble_p_9;ph_0_10;ph_1_10;ph_2_10;ph_3_10;ph_0_7"
2026-08-22 21:56:37,38,"ph_1_4",0.0710369,1,0.583333,0,2,"look;ph_0_0;ph_1_0;mama;ph_0_3;ph_1_3;ph_2_3;ph_4_3;ph_2_0;ph_1_2;ph_2_2;ph_3_2;ph_4_2;babble_d_3;ph_0_4;ph_3_4;babble_o_6;babble_m_6;ph_1_6;ph_2_6;ball;ph_0_8;ph_1_8;ph_2_8;ph_3_8;ph_4_8;babble_p_9;ph_0_10;ph_1_10;ph_2_10;ph_3_10;ph_0_7"
2026-08-22 21:56:37,52,"ph_4_8",0.481015,1,0.583333,0,2,"look;ph_0_0;ph_1_0;mama;ph_0_3;ph_1_3;ph_2_3;ph_4_3;ph_2_0;ph_1_2;ph_2_2;ph_3_2;ph_4_2;babble_d_3;ph_0_4;ph_3_4;babble_o_6;babble_m_6;ph_1_6;ph_2_6;ball;ph_0_8;ph_1_8;ph_2_8;ph_3_8;babble_p_9;ph_0_10;ph_1_10;ph_2_10;ph_3_10;ph_0_7"
2026-08-22 21:56:37,19,"mama",1,1,0.6875,0.256211,2,"look;ph_0_0;ph_1_0;ph_0_3;ph_1_3;ph_2_3;ph_4_3;ph_2_0;ph_1_2;ph_2_2;ph_3_2;ph_4_2;babble_d_3;ph_0_4;ph_3_4;babble_o_6;babble_m_6;ph_1_6;ph_2_6;ball;ph_0_8;ph_1_8;ph_2_8;ph_3_8;ph_4_8;babble_p_9;ph_0_10;ph_1_10;ph_2_10;ph_3_10;ph_0_7"
2026-08-22 21:56:37,31,"ph_3_2",0.382182,1,0.6875,0,2,"look;ph_0_0;ph_1_0;mama;ph_0_3;ph_1_3;ph_2_3;ph_4_3;ph_2_0;ph_1_2;ph_2_2;ph_4_2;babble_d_3;ph_0_4;ph_3_4;babble_o_6;babble_m_6;ph_1_6;ph_2_6;ball;ph_0_8;ph_1_8;ph_2_8;ph_3_8;ph_4_8;babble_p_9;ph_0_10;ph_1_10;ph_2_10;ph_3_10;ph_0_7"
2026-08-22 21:56:37,48,"ph_0_8",0.838884,1,0.6875,0,2,"look;ph_0_0;ph_1_0;mama;ph_0_3;ph_1_3;ph_2_3;ph_4_3;ph_2_0;ph_1_2;ph_2_2;ph_3_2;ph_4_2;babble_d_3;ph_0_4;ph_3_4;babble_o_6;babble_m_6;ph_1_6;ph_2_6;ball;ph_1_8;ph_2_8;ph_3_8;ph_4_8;babble_p_9;ph_0_10;ph_1_10;ph_2_10;ph_3_10;ph_0_7"
2026-08-22 21:56:37,61,"ph_0_7",0.748234,1,0.2,0,2,"look;ph_0_0;ph_1_0;mama;ph_0_3;ph_1_3;ph_2_3;ph_4_3;ph_2_0;ph_1_2;ph_2_2;ph_3_2;ph_4_2;babble_d_3;ph_0_4;ph_3_4;babble_o_6;babble_m_6;ph_1_6;ph_2_6;ball;ph_0_8;ph_1_8;ph_2_8;ph_3_8;ph_4_8;babble_p_9;ph_0_10;ph_1_10;ph_2_10;ph_3_10"
2026-08-22 21:56:37,27,"ph_2_0",0.786435,1,0.722222,0,2,"look;ph_0_0;ph_1_0;mama;ph_0_3;ph_1_3;ph_2_3;ph_4_3;ph_1_2;ph_2_2;ph_3_2;ph_4_2;babble_d_3;ph_0_4;ph_3_4;babble_o_6;babble_m_6;ph_1_6;ph_2_6;ball;ph_0_8;ph_1_8;ph_2_8;ph_3_8;ph_4_8;babble_p_9;ph_0_10;ph_1_10;ph_2_10;ph_3_10;ph_0_7"
2026-08-22 21:56:37,40,"ph_3_4",0.218298,1,0.722222,0,2,"look;ph_0_0;ph_1_0;mama;ph_0_3;ph_1_3;ph_2_3;ph_4_3;ph_2_0;ph_1_2;ph_2_2;ph_3_2;ph_4_2;babble_d_3;ph_0_4;babble_o_6;babble_m_6;ph_1_6;ph_2_6;ball;ph_0_8;ph_1_8;ph_2_8;ph_3_8;ph_4_8;babble_p_9;ph_0_10;ph_1_10;ph_2_10;ph_3_10;ph_0_7"
2026-08-22 21:56:37,57,"ph_1_10",0.963858,1,0.583333,0,2,"look;ph_0_0;ph_1_0;mama;ph_0_3;ph_1_3;ph_2_3;ph_4_3;ph_2_0;ph_1_2;ph_2_2;ph_3_2;ph_4_2;babble_d_3;ph_0_4;ph_3_4;babble_o_6;babble_m_6;ph_1_6;ph_2_6;ball;ph_0_8;ph_1_8;ph_2_8;ph_3_8;ph_4_8;babble_p_9;ph_0_10;ph_2_10;ph_3_10;ph_0_7"
2026-08-22 21:56:37,21,"ph_1_3",0.918765,1,0.6875,0,2,"look;ph_0_0;ph_1_0;mama;ph_0_3;ph_2_3;ph_4_3;ph_2_0;ph_1_2;ph_2_2;ph_3_2;ph_4_2;babble_d_3;ph_0_4;ph_3_4;babble_o_6;babble_m_6;ph_1_6;ph_2_6;ball;ph_0_8;ph_1_8;ph_2_8;ph_3_8;ph_4_8;babble_p_9;ph_0_10;ph_1_10;ph_2_10;ph_3_10;ph_0_7"
2026-08-22 21:56:37,33,"gaga",0.0306001,2,0.6863,0,2,"look;ph_0_0;ph_1_0;mama;ph_0_3;ph_1_3;ph_2_3;ph_4_3;ph_2_0;ph_1_2;ph_2_2;ph_3_2;ph_4_2;babble_d_3;ph_0_4;ph_3_4;babble_o_6;babble_m_6;ph_1_6;ph_2_6;ball;ph_0_8;ph_1_8;ph_2_8;ph_3_8;ph_4_8;babble_p_9;ph_0_10;ph_1_10;ph_2_10;ph_3_10;ph_0_7"
2026-08-22 21:56:37,50,"ph_2_8",0.668822,1,0.642857,0,2,"look;ph_0_0;ph_1_0;mama;ph_0_3;ph_1_3;ph_2_3;ph_4_3;ph_2_0;ph_1_2;ph_2_2;ph_3_2;ph_4_2;babble_d_3;ph_0_4;ph_3_4;babble_o_6;babble_m_6;ph_1_6;ph_2_6;ball;ph_0_8;ph_1_8;ph_3_8;ph_4_8;babble_p_9;ph_0_10;ph_1_10;ph_2_10;ph_3_10;ph_0_7"
2026-08-22 21:56:38,17,"ph_1_0",0.298016,1,0.722222,0,2,"look;ph_0_0;mama;ph_0_3;ph_1_3;ph_2_3;ph_4_3;ph_2_0;ph_1_2;ph_2_2;ph_3_2;ph_4_2;babble_d_3;ph_0_4;ph_3_4;babble_o_6;babble_m_6;ph_1_6;ph_2_6;ball;ph_0_8;ph_1_8;ph_2_8;ph_3_8;ph_4_8;babble_p_9;ph_0_10;ph_1_10;ph_2_10;ph_3_10;ph_0_7;ph_0_11"
2026-08-22 21:56:38,29,"ph_1_2",0.534024,1,0.642857,0,2,"look;ph_0_0;ph_1_0;mama;ph_0_3;ph_1_3;ph_2_3;ph_4_3;ph_2_0;ph_2_2;ph_3_2;ph_4_2;babble_d_3;ph_0_4;ph_3_4;babble_o_6;babble_m_6;ph_1_6;ph_2_6;ball;ph_0_8;ph_1_8;ph_2_8;ph_3_8;ph_4_8;babble_p_9;ph_0_10;ph_1_10;ph_2_10;ph_3_10;ph_0_7;ph_0_11"
2026-08-22 21:56:38,45,"ph_1_6",0.757869,1,0.583333,0,2,"look;ph_0_0;ph_1_0;mama;ph_0_3;ph_1_3;ph_2_3;ph_4_3;ph_2_0;ph_1_2;ph_2_2;ph_3_2;ph_4_2;babble_d_3;ph_0_4;ph_3_4;babble_o_6;babble_m_6;ph_2_6;ball;ph_0_8;ph_1_8;ph_2_8;ph_3_8;ph_4_8;babble_p_9;ph_0_10;ph_1_10;ph_2_10;ph_3_10;ph_0_7;ph_0_11"
2026-08-22 21:56:38,59,"ph_3_10",0.371964,1,0.583333,0,2,"look;ph_0_0;ph_1_0;mama;ph_0_3;ph_1_3;ph_2_3;ph_4_3;ph_2_0;ph_1_2;ph_2_2;ph_3_2;ph_4_2;babble_d_3;ph_0_4;ph_3_4;babble_o_6;babble_m_6;ph_1_6;ph_2_6;ball;ph_0_8;ph_1_8;ph_2_8;ph_3_8;ph_4_8;babble_p_9;ph_0_10;ph_1_10;ph_2_10;ph_0_7;ph_0_11"
2026-08-22 21:56:38,21,"ph_1_3",0.918765,1,0.722222,0,2,"look;ph_0_0;ph_1_0;mama;ph_0_3;ph_2_3;ph_4_3;ph_2_0;ph_1_2;ph_2_2;ph_3_2;ph_4_2;babble_d_3;ph_0_4;ph_3_4;babble_o_6;babble_m_6;ph_1_6;ph_2_6;ball;ph_0_8;ph_1_8;ph_2_8;ph_3_8;ph_4_8;babble_p_9;ph_0_10;ph_1_10;ph_2_10;ph_3_10;ph_0_7;ph_0_11"
2026-08-22 21:56:38,33,"gaga",0.0306001,2,0.720872,0,2,"look;ph_0_0;ph_1_0;mama;ph_0_3;ph_1_3;ph_2_3;ph_4_3;ph_2_0;ph_1_2;ph_2_2;ph_3_2;ph_4_2;babble_d_3;ph_0_4;ph_3_4;babble_o_6;babble_m_6;ph_1_6;ph_2_6;ball;ph_0_8;ph_1_8;ph_2_8;ph_3_8;ph_4_8;babble_p_9;ph_0_10;ph_1_10;ph_2_10;ph_3_10;ph_0_7;ph_0_11"
2026-08-22 21:56:38,50,"ph_2_8",0.668822,1,0.6875,0,2,"look;ph_0_0;ph_1_0;mama;ph_0_3;ph_1_3;ph_2_3;ph_4_3;ph_2_0;ph_1_2;ph_2_2;ph_3_2;ph_4_2;babble_d_3;ph_0_4;ph_3_4;babble_o_6;babble_m_6;ph_1_6;ph_2_6;ball;ph_0_8;ph_1_8;ph_3_8;ph_4_8;babble_p_9;ph_0_10;ph_1_10;ph_2_10;ph_3_10;ph_0_7;ph_0_11"
2026-08-22 21:56:38,63,"ph_0_11",0.449034,1,0.2,0,2,"look;ph_0_0;ph_1_0;mama;ph_0_3;ph_1_3;ph_2_3;ph_4_3;ph_2_0;ph_1_2;ph_2_2;ph_3_2;ph_4_2;babble_d_3;ph_0_4;ph_3_4;babble_o_6;babble_m_6;ph_1_6;ph_2_6;ball;ph_0_8;ph_1_8;ph_2_8;ph_3_8;ph_4_8;babble_p_9;ph_0_10;ph_1_10;ph_2_10;ph_3_10;ph_0_7"
2026-08-22 21:56:38,27,"ph_2_0",0.786435,1,0.75,0,2,"look;ph_0_0;ph_1_0;mama;ph_0_3;ph_1_3;ph_2_3;ph_4_3;ph_1_2;ph_2_2;ph_3_2;ph_4_2;babble_d_3;ph_0_4;ph_3_4;babble_o_6;babble_m_6;ph_1_6;ph_2_6;ball;ph_0_8;ph_1_8;ph_2_8;ph_3_8;ph_4_8;babble_p_9;ph_0_10;ph_1_10;ph_2_10;ph_3_10;ph_0_7;ph_0_11"
2026-08-22 21:56:38,40,"ph_3_4",0.218298,1,0.75,0,2,"look;ph_0_0;ph_1_0;mama;ph_0_3;ph_1_3;ph_2_3;ph_4_3;ph_2_0;ph_1_2;ph_2_2;ph_3_2;ph_4_2;babble_d_3;ph_0_4;babble_o_6;babble_m_6;ph_1_6;ph_2_6;ball;ph_0_8;ph_1_8;ph_2_8;ph_3_8;ph_4_8;babble_p_9;ph_0_10;ph_1_10;ph_2_10;ph_3_10;ph_0_7;ph_0_11"
2026-08-22 21:56:38,57,"ph_1_10",0.963858,1,0.642857,0,2,"look;ph_0_0;ph_1_0;mama;ph_0_3;ph_1_3;ph_2_3;ph_4_3;ph_2_0;ph_1_2;ph_2_2;ph_3_2;ph_4_2;babble_d_3;ph_0_4;ph_3_4;babble_o_6;babble_m_6;ph_1_6;ph_2_6;ball;ph_0_8;ph_1_8;ph_2_8;ph_3_8;ph_4_8;babble_p_9;ph_0_10;ph_2_10;ph_3_10;ph_0_7;ph_0_11"
2026-08-22 21:56:38,19,"mama",1,1,0.722222,0.256211,2,"look;ph_0_0;ph_1_0;ph_0_3;ph_1_3;ph_2_3;ph_4_3;ph_2_0;ph_1_2;ph_2_2;ph_3_2;ph_4_2;babble_d_3;ph_0_4;ph_3_4;babble_o_6;babble_m_6;ph_1_6;ph_2_6;ball;ph_0_8;ph_1_8;ph_2_8;ph_3_8;ph_4_8;babble_p_9;ph_0_10;ph_1_10;ph_2_10;ph_3_10;ph_0_7;ph_0_11"
2026-08-22 21:56:38,31,"ph_3_2",0.382182,1,0.722222,0,2,"look;ph_0_0;ph_1_0;mama;ph_0_3;ph_1_3;ph_2_3;ph_4_3;ph_2_0;ph_1_2;ph_2_2;ph_4_2;babble_d_3;ph_0_4;ph_3_4;babble_o_6;babble_m_6;ph_1_6;ph_2_6;ball;ph_0_8;ph_1_8;ph_2_8;ph_3_8;ph_4_8;babble_p_9;ph_0_10;ph_1_10;ph_2_10;ph_3_10;ph_0_7;ph_0_11"
2026-08-22 21:56:38,48,"ph_0_8",0.838884,1,0.722222,0,2,"look;ph_0_0;ph_1_0;mama;ph_0_3;ph_1_3;ph_2_3;ph_4_3;ph_2_0;ph_1_2;ph_2_2;ph_3_2;ph_4_2;babble_d_3;ph_0_4;ph_3_4;babble_o_6;babble_m_6;ph_1_6;ph_2_6;ball;ph_1_8;ph_2_8;ph_3_8;ph_4_8;babble_p_9;ph_0_10;ph_1_10;ph_2_10;ph_3_10;ph_0_7;ph_0_11"
2026-08-22 21:56:38,61,"ph_0_7",0.748234,1,0.583333,0,2,"look;ph_0_0;ph_1_0;mama;ph_0_3;ph_1_3;ph_2_3;ph_4_3;ph_2_0;ph_1_2;ph_2_2;ph_3_2;ph_4_2;babble_d_3;ph_0_4;ph_3_4;babble_o_6;babble_m_6;ph_1_6;ph_2_6;ball;ph_0_8;ph_1_8;ph_2_8;ph_3_8;ph_4_8;babble_p_9;ph_0_10;ph_1_10;ph_2_10;ph_3_10;ph_0_11"
2026-08-22 21:56:38,23,"ph_3_3",0.0974328,1,0.642857,0,2,"look;ph_0_0;ph_1_0;mama;ph_0_3;ph_1_3;ph_2_3;ph_4_3;ph_2_0;ph_1_2;ph_2_2;ph_3_2;ph_4_2;babble_d_3;ph_0_4;ph_3_4;babble_o_6;babble_m_6;ph_1_6;ph_2_6;ball;ph_0_8;ph_1_8;ph_2_8;ph_3_8;ph_4_8;babble_p_9;ph_0_10;ph_1_10;ph_2_10;ph_3_10;ph_0_7;ph_0_11"
2026-08-22 21:56:38,38,"ph_1_4",0.0710369,1,0.642857,0,2,"look;ph_0_0;ph_1_0;mama;ph_0_3;ph_1_3;ph_2_3;ph_4_3;ph_2_0;ph_1_2;ph_2_2;ph_3_2;ph_4_2;babble_d_3;ph_0_4;ph_3_4;babble_o_6;babble_m_6;ph_1_6;ph_2_6;ball;ph_0_8;ph_1_8;ph_2_8;ph_3_8;ph_4_8;babble_p_9;ph_0_10;ph_1_10;ph_2_10;ph_3_10;ph_0_7;ph_0_11"
2026-08-22 21:56:38,52,"ph_4_8",0.481015,1,0.642857,0,2,"look;ph_0_0;ph_1_0;mama;ph_0_3;ph_1_3;ph_2_3;ph_4_3;ph_2_0;ph_1_2;ph_2_2;ph_3_2;ph_4_2;babble_d_3;ph_0_4;ph_3_4;babble_o_6;babble_m_6;ph_1_6;ph_2_6;ball;ph_0_8;ph_1_8;ph_2_8;ph_3_8;babble_p_9;ph_0_10;ph_1_10;ph_2_10;ph_3_10;ph_0_7;ph_0_11"
2026-08-22 21:56:38,16,"ph_0_0",0.967547,1,0.67323,0,3,"look;ph_1_0;mama;ph_0_3;ph_1_3;ph_2_3;ph_4_3;ph_2_0;ph_1_2;ph_2_2;ph_3_2;ph_4_2;babble_d_3;ph_0_4;ph_3_4;babble_o_6;babble_m_6;ph_1_6;ph_2_6;ball;ph_0_8;ph_1_8;ph_2_8;ph_3_8;ph_4_8;babble_p_9;ph_0_10;ph_1_10;ph_2_10;ph_3_10;ph_0_7;ph_0_11;book"
2026-08-22 21:56:38,28,"ph_0_2",0.0549895,1,0.583333,0,3,"look;ph_0_0;ph_1_0;mama;ph_0_3;ph_1_3;ph_2_3;ph_4_3;ph_2_0;ph_1_2;ph_2_2;ph_3_2;ph_4_2;babble_d_3;ph_0_4;ph_3_4;babble_o_6;babble_m_6;ph_1_6;ph_2_6;ball;ph_0_8;ph_1_8;ph_2_8;ph_3_8;ph_4_8;babble_p_9;ph_0_10;ph_1_10;ph_2_10;ph_3_10;ph_0_7;ph_0_11;book"
2026-08-22 21:56:38,44,"ph_0_6",0.0318073,1,0.583333,0,3,"look;ph_0_0;ph_1_0;mama;ph_0_3;ph_1_3;ph_2_3;ph_4_3;ph_2_0;ph_1_2;ph_2_2;ph_3_2;ph_4_2;babble_d_3;ph_0_4;ph_3_4;babble_o_6;babble_m_6;ph_1_6;ph_2_6;ball;ph_0_8;ph_1_8;ph_2_8;ph_3_8;ph_4_8;babble_p_9;ph_0_10;ph_1_10;ph_2_10;ph_3_10;ph_0_7;ph_0_11;book"
2026-08-22 21:56:38,58,"ph_2_10",0.880002,1,0.583333,0,3,"look;ph_0_0;ph_1_0;mama;ph_0_3;ph_1_3;ph_2_3;ph_4_3;ph_2_0;ph_1_2;ph_2_2;ph_3_2;ph_4_2;babble_d_3;ph_0_4;ph_3_4;babble_o_6;babble_m_6;ph_1_6;ph_2_6;ball;ph_0_8;ph_1_8;ph_2_8;ph_3_8;ph_4_8;babble_p_9;ph_0_10;ph_1_10;ph_3_10;ph_0_7;ph_0_11;book"
2026-08-22 21:56:38,18,"ba",0,1,0.583333,0,3,"look;ph_0_0;ph_1_0;mama;ph_0_3;ph_1_3;ph_2_3;ph_4_3;ph_2_0;ph_1_2;ph_2_2;ph_3_2;ph_4_2;babble_d_3;ph_0_4;ph_3_4;babble_o_6;babble_m_6;ph_1_6;ph_2_6;ball;ph_0_8;ph_1_8;ph_2_8;ph_3_8;ph_4_8;babble_p_9;ph_0_10;ph_1_10;ph_2_10;ph_3_10;ph_0_7;ph_0_11;book"
2026-08-22 21:56:38,30,"ph_2_2",0.745486,1,0.2,0,3,"look;ph_0_0;ph_1_0;mama;ph_0_3;ph_1_3;ph_2_3;ph_4_3;ph_2_0;ph_1_2;ph_3_2;ph_4_2;babble_d_3;ph_0_4;ph_3_4;babble_o_6;babble_m_6;ph_1_6;ph_2_6;ball;ph_0_8;ph_1_8;ph_2_8;ph_3_8;ph_4_8;babble_p_9;ph_0_10;ph_1_10;ph_2_10;ph_3_10;ph_0_7;ph_0_11;book"
2026-08-22 21:56:38,46,"ph_2_6",0.892988,1,0.2,0,3,"look;ph_0_0;ph_1_0;mama;ph_0_3;ph_1_3;ph_2_3;ph_4_3;ph_2_0;ph_1_2;ph_2_2;ph_3_2;ph_4_2;babble_d_3;ph_0_4;ph_3_4;babble_o_6;babble_m_6;ph_1_6;ball;ph_0_8;ph_1_8;ph_2_8;ph_3_8;ph_4_8;babble_p_9;ph_0_10;ph_1_10;ph_2_10;ph_3_10;ph_0_7;ph_0_11;book"
2026-08-22 21:56:38,60,"papa",0.0343707,2,0.2,0,3,"look;ph_0_0;ph_1_0;mama;ph_0_3;ph_1_3;ph_2_3;ph_4_3;ph_2_0;ph_1_2;ph_2_2;ph_3_2;ph_4_2;babble_d_3;ph_0_4;ph_3_4;babble_o_6;babble_m_6;ph_1_6;ph_2_6;ball;ph_0_8;ph_1_8;ph_2_8;ph_3_8;ph_4_8;babble_p_9;ph_0_10;ph_1_10;ph_2_10;ph_3_10;ph_0_7;ph_0_11;book"
2026-08-22 21:56:38,20,"ph_0_3",0.210228,1,0.2,0,3,"look;ph_0_0;ph_1_0;mama;ph_1_3;ph_2_3;ph_4_3;ph_2_0;ph_1_2;ph_2_2;ph_3_2;ph_4_2;babble_d_3;ph_0_4;ph_3_4;babble_o_6;babble_m_6;ph_1_6;ph_2_6;ball;ph_0_8;ph_1_8;ph_2_8;ph_3_8;ph_4_8;babble_p_9;ph_0_10;ph_1_10;ph_2_10;ph_3_10;ph_0_7;ph_0_11;book"
2026-08-22 21:56:38,32,"ph_4_2",0.684687,1,0.2,0,3,"look;ph_0_0;ph_1_0;mama;ph_0_3;ph_1_3;ph_2_3;ph_4_3;ph_2_0;ph_1_2;ph_2_2;ph_3_2;babble_d_3;ph_0_4;ph_3_4;babble_o_6;babble_m_6;ph_1_6;ph_2_6;ball;ph_0_8;ph_1_8;ph_2_8;ph_3_8;ph_4_8;babble_p_9;ph_0_10;ph_1_10;ph_2_10;ph_3_10;ph_0_7;ph_0_11;book"
2026-08-22 21:56:38,49,"ph_1_8",0.304851,1,0.2,0,3,"look;ph_0_0;ph_1_0;mama;ph_0_3;ph_1_3;ph_2_3;ph_4_3;ph_2_0;ph_1_2;ph_2_2;ph_3_2;ph_4_2;babble_d_3;ph_0_4;ph_3_4;babble_o_6;babble_m_6;ph_1_6;ph_2_6;ball;ph_0_8;ph_2_8;ph_3_8;ph_4_8;babble_p_9;ph_0_10;ph_1_10;ph_2_10;ph_3_10;ph_0_7;ph_0_11;book"
2026-08-22 21:56:38,62,"hi",0.0324201,2,0.2,0,3,"look;ph_0_0;ph_1_0;mama;ph_0_3;ph_1_3;ph_2_3;ph_4_3;ph_2_0;ph_1_2;ph_2_2;ph_3_2;ph_4_2;babble_d_3;ph_0_4;ph_3_4;babble_o_6;babble_m_6;ph_1_6;ph_2_6;ball;ph_0_8;ph_1_8;ph_2_8;ph_3_8;ph_4_8;babble_p_9;ph_0_10;ph_1_10;ph_2_10;ph_3_10;ph_0_7;ph_0_11;book"
2026-08-22 21:56:38,22,"ph_2_3",0.627188,1,0.642857,0,3,"look;ph_0_0;ph_1_0;mama;ph_0_3;ph_1_3;ph_4_3;ph_2_0;ph_1_2;ph_2_2;ph_3_2;ph_4_2;babble_d_3;ph_0_4;ph_3_4;babble_o_6;babble_m_6;ph_1_6;ph_2_6;ball;ph_0_8;ph_1_8;ph_2_8;ph_3_8;ph_4_8;babble_p_9;ph_0_10;ph_1_10;ph_2_10;ph_3_10;ph_0_7;ph_0_11;book"
2026-08-22 21:56:38,37,"ph_0_4",0.520545,1,0.642857,0,3,"look;ph_0_0;ph_1_0;mama;ph_0_3;ph_1_3;ph_2_3;ph_4_3;ph_2_0;ph_1_2;ph_2_2;ph_3_2;ph_4_2;babble_d_3;ph_3_4;babble_o_6;babble_m_6;ph_1_6;ph_2_6;ball;ph_0_8;ph_1_8;ph_2_8;ph_3_8;ph_4_8;babble_p_9;ph_0_10;ph_1_10;ph_2_10;ph_3_10;ph_0_7;ph_0_11;book"
2026-08-22 21:56:38,51,"ph_3_8",0.617498,1,0.583333,0,3,"look;ph_0_0;ph_1_0;mama;ph_0_3;ph_1_3;ph_2_3;ph_4_3;ph_2_0;ph_1_2;ph_2_2;ph_3_2;ph_4_2;babble_d_3;ph_0_4;ph_3_4;babble_o_6;babble_m_6;ph_1_6;ph_2_6;ball;ph_0_8;ph_1_8;ph_2_8;ph_4_8;babble_p_9;ph_0_10;ph_1_10;ph_2_10;ph_3_10;ph_0_7;ph_0_11;book"
2026-08-22 21:56:38,64,"ph_0_15",0.0183121,1,0.2,0,3,"look;ph_0_0;ph_1_0;mama;ph_0_3;ph_1_3;ph_2_3;ph_4_3;ph_2_0;ph_1_2;ph_2_2;ph_3_2;ph_4_2;babble_d_3;ph_0_4;ph_3_4;babble_o_6;babble_m_6;ph_1_6;ph_2_6;ball;ph_0_8;ph_1_8;ph_2_8;ph_3_8;ph_4_8;babble_p_9;ph_0_10;ph_1_10;ph_2_10;ph_3_10;ph_0_7;ph_0_11;book"
2026-08-22 21:56:38,24,"ph_4_3",0.283232,1,0.583333,0,3,"look;ph_0_0;ph_1_0;mama;ph_0_3;ph_1_3;ph_2_3;ph_2_0;ph_1_2;ph_2_2;ph_3_2;ph_4_2;babble_d_3;ph_0_4;ph_3_4;babble_o_6;babble_m_6;ph_1_6;ph_2_6;ball;ph_0_8;ph_1_8;ph_2_8;ph_3_8;ph_4_8;babble_p_9;ph_0_10;ph_1_10;ph_2_10;ph_3_10;ph_0_7;ph_0_11;book"
2026-08-22 21:56:38,39,"ph_2_4",0.0248123,1,0.2,0,3,"look;ph_0_0;ph_1_0;mama;ph_0_3;ph_1_3;ph_2_3;ph_4_3;ph_2_0;ph_1_2;ph_2_2;ph_3_2;ph_4_2;babble_d_3;ph_0_4;ph_3_4;babble_o_6;babble_m_6;ph_1_6;ph_2_6;ball;ph_0_8;ph_1_8;ph_2_8;ph_3_8;ph_4_8;babble_p_9;ph_0_10;ph_1_10;ph_2_10;ph_3_10;ph_0_7;ph_0_11;book"
2026-08-22 21:56:38,56,"ph_0_10",0.341369,1,0.2,0,3,"look;ph_0_0;ph_1_0;mama;ph_0_3;ph_1_3;ph_2_3;ph_4_3;ph_2_0;ph_1_2;ph_2_2;ph_3_2;ph_4_2;babble_d_3;ph_0_4;ph_3_4;babble_o_6;babble_m_6;ph_1_6;ph_2_6;ball;ph_0_8;ph_1_8;ph_2_8;ph_3_8;ph_4_8;babble_p_9;ph_1_10;ph_2_10;ph_3_10;ph_0_7;ph_0_11;book"
2026-08-22 21:56:38,16,"ph_0_0",0.967547,1,0.710381,0,3,"look;ph_1_0;mama;ph_0_3;ph_1_3;ph_2_3;ph_4_3;ph_2_0;ph_1_2;ph_2_2;ph_3_2;ph_4_2;babble_d_3;ph_0_4;ph_3_4;babble_o_6;babble_m_6;ph_1_6;ph_2_6;ball;ph_0_8;ph_1_8;ph_2_8;ph_3_8;ph_4_8;babble_p_9;ph_0_10;ph_1_10;ph_2_10;ph_3_10;ph_0_7;ph_0_11;book"
2026-08-22 21:56:38,28,"ph_0_2",0.0549895,1,0.642857,0,3,"look;ph_0_0;ph_1_0;mama;ph_0_3;ph_1_3;ph_2_3;ph_4_3;ph_2_0;ph_1_2;ph_2_2;ph_3_2;ph_4_2;babble_d_3;ph_0_4;ph_3_4;babble_o_6;babble_m_6;ph_1_6;ph_2_6;ball;ph_0_8;ph_1_8;ph_2_8;ph_3_8;ph_4_8;babble_p_9;ph_0_10;ph_1_10;ph_2_10;ph_3_10;ph_0_7;ph_0_11;book"
2026-08-22 21:56:38,44,"ph_0_6",0.0318073,1,0.642857,0,3,"look;ph_0_0;ph_1_0;mama;ph_0_3;ph_1_3;ph_2_3;ph_4_3;ph_2_0;ph_1_2;ph_2_2;ph_3_2;ph_4_2;babble_d_3;ph_0_4;ph_3_4;babble_o_6;babble_m_6;ph_1_6;ph_2_6;ball;ph_0_8;ph_1_8;ph_2_8;ph_3_8;ph_4_8;babble_p_9;ph_0_10;ph_1_10;ph_2_10;ph_3_10;ph_0_7;ph_0_11;book"
2026-08-22 21:56:38,58,"ph_2_10",0.880002,1,0.642857,0,3,"look;ph_0_0;ph_1_0;mama;ph_0_3;ph_1_3;ph_2_3;ph_4_3;ph_2_0;ph_1_2;ph_2_2;ph_3_2;ph_4_2;babble_d_3;ph_0_4;ph_3_4;babble_o_6;babble_m_6;ph_1_6;ph_2_6;ball;ph_0_8;ph_1_8;ph_2_8;ph_3_8;ph_4_8;babble_p_9;ph_0_10;ph_1_10;ph_3_10;ph_0_7;ph_0_11;book"
2026-08-22 21:56:38,18,"ba",0,1,0.637608,0,3,"look;ph_0_0;ph_1_0;mama;ph_0_3;ph_1_3;ph_2_3;ph_4_3;ph_2_0;ph_1_2;ph_2_2;ph_3_2;ph_4_2;babble_d_3;ph_0_4;ph_3_4;babble_o_6;babble_m_6;ph_1_6;ph_2_6;ball;ph_0_8;ph_1_8;ph_2_8;ph_3_8;ph_4_8;babble_p_9;ph_0_10;ph_1_10;ph_2_10;ph_3_10;ph_0_7;ph_0_11;book;toy"
2026-08-22 21:56:38,30,"ph_2_2",0.745486,1,0.583333,0,3,"look;ph_0_0;ph_1_0;mama;ph_0_3;ph_1_3;ph_2_3;ph_4_3;ph_2_0;ph_1_2;ph_3_2;ph_4_2;babble_d_3;ph_0_4;ph_3_4;babble_o_6;babble_m_6;ph_1_6;ph_2_6;ball;ph_0_8;ph_1_8;ph_2_8;ph_3_8;ph_4_8;babble_p_9;ph_0_10;ph_1_10;ph_2_10;ph_3_10;ph_0_7;ph_0_11;book;toy"
2026-08-22 21:56:38,46,"ph_2_6",0.892988,1,0.583333,0,3,"look;ph_0_0;ph_1_0;mama;ph_0_3;ph_1_3;ph_2_3;ph_4_3;ph_2_0;ph_1_2;ph_2_2;ph_3_2;ph_4_2;babble_d_3;ph_0_4;ph_3_4;babble_o_6;babble_m_6;ph_1_6;ball;ph_0_8;ph_1_8;ph_2_8;ph_3_8;ph_4_8;babble_p_9;ph_0_10;ph_1_10;ph_2_10;ph_3_10;ph_0_7;ph_0_11;book;toy"
2026-08-22 21:56:38,60,"papa",0.0343707,2,0.583333,0,3,"look;ph_0_0;ph_1_0;mama;ph_0_3;ph_1_3;ph_2_3;ph_4_3;ph_2_0;ph_1_2;ph_2_2;ph_3_2;ph_4_2;babble_d_3;ph_0_4;ph_3_4;babble_o_6;babble_m_6;ph_1_6;ph_2_6;ball;ph_0_8;ph_1_8;ph_2_8;ph_3_8;ph_4_8;babble_p_9;ph_0_10;ph_1_10;ph_2_10;ph_3_10;ph_0_7;ph_0_11;book;toy"
2026-08-22 21:56:38,19,"mama",1,1,0.75,0.256211,3,"look;ph_0_0;ph_1_0;ph_0_3;ph_1_3;ph_2_3;ph_4_3;ph_2_0;ph_1_2;ph_2_2;ph_3_2;ph_4_2;babble_d_3;ph_0_4;ph_3_4;babble_o_6;babble_m_6;ph_1_6;ph_2_6;ball;ph_0_8;ph_1_8;ph_2_8;ph_3_8;ph_4_8;babble_p_9;ph_0_10;ph_1_10;ph_2_10;ph_3_10;ph_0_7;ph_0_11;book;toy"
2026-08-22 21:56:38,31,"ph_3_2",0.382182,1,0.75,0,3,"look;ph_0_0;ph_1_0;mama;ph_0_3;ph_1_3;ph_2_3;ph_4_3;ph_2_0;ph_1_2;ph_2_2;ph_4_2;babble_d_3;ph_0_4;ph_3_4;babble_o_6;babble_m_6;ph_1_6;ph_2_6;ball;ph_0_8;ph_1_8;ph_2_8;ph_3_8;ph_4_8;babble_p_9;ph_0_10;ph_1_10;ph_2_10;ph_3_10;ph_0_7;ph_0_11;book;toy"
2026-08-22 21:56:38,48,"ph_0_8",0.838884,1,0.75,0,3,"look;ph_0_0;ph_1_0;mama;ph_0_3;ph_1_3;ph_2_3;ph_4_3;ph_2_0;ph_1_2;ph_2_2;ph_3_2;ph_4_2;babble_d_3;ph_0_4;ph_3_4;babble_o_6;babble_m_6;ph_1_6;ph_2_6;ball;ph_1_8;ph_2_8;ph_3_8;ph_4_8;babble_p_9;ph_0_10;ph_1_10;ph_2_10;ph_3_10;ph_0_7;ph_0_11;book;toy"
2026-08-22 21:56:38,61,"ph_0_7",0.748234,1,0.642857,0,3,"look;ph_0_0;ph_1_0;mama;ph_0_3;ph_1_3;ph_2_3;ph_4_3;ph_2_0;ph_1_2;ph_2_2;ph_3_2;ph_4_2;babble_d_3;ph_0_4;ph_3_4;babble_o_6;babble_m_6;ph_1_6;ph_2_6;ball;ph_0_8;ph_1_8;ph_2_8;ph_3_8;ph_4_8;babble_p_9;ph_0_10;ph_1_10;ph_2_10;ph_3_10;ph_0_11;book;toy"
2026-08-22 21:56:38,20,"ph_0_3",0.210228,1,0.583333,0,3,"look;ph_0_0;ph_1_0;mama;ph_1_3;ph_2_3;ph_4_3;ph_2_0;ph_1_2;ph_2_2;ph_3_2;ph_4_2;babble_d_3;ph_0_4;ph_3_4;babble_o_6;babble_m_6;ph_1_6;ph_2_6;ball;ph_0_8;ph_1_8;ph_2_8;ph_3_8;ph_4_8;babble_p_9;ph_0_10;ph_1_10;ph_2_10;ph_3_10;ph_0_7;ph_0_11;book;toy"
2026-08-22 21:56:38,32,"ph_4_2",0.684687,1,0.583333,0,3,"look;ph_0_0;ph_1_0;mama;ph_0_3;ph_1_3;ph_2_3;ph_4_3;ph_2_0;ph_1_2;ph_2_2;ph_3_2;babble_d_3;ph_0_4;ph_3_4;babble_o_6;babble_m_6;ph_1_6;ph_2_6;ball;ph_0_8;ph_1_8;ph_2_8;ph_3_8;ph_4_8;babble_p_9;ph_0_10;ph_1_10;ph_2_10;ph_3_10;ph_0_7;ph_0_11;book;toy"
2026-08-22 21:56:38,49,"ph_1_8",0.304851,1,0.583333,0,3,"look;ph_0_0;ph_1_0;mama;ph_0_3;ph_1_3;ph_2_3;ph_4_3;ph_2_0;ph_1_2;ph_2_2;ph_3_2;ph_4_2;babble_d_3;ph_0_4;ph_3_4;babble_o_6;babble_m_6;ph_1_6;ph_2_6;ball;ph_0_8;ph_2_8;ph_3_8;ph_4_8;babble_p_9;ph_0_10;ph_1_10;ph_2_10;ph_3_10;ph_0_7;ph_0_11;book;toy"
2026-08-22 21:56:38,62,"hi",0.0324201,2,0.583333,0,3,"look;ph_0_0;ph_1_0;mama;ph_0_3;ph_1_3;ph_2_3;ph_4_3;ph_2_0;ph_1_2;ph_2_2;ph_3_2;ph_4_2;babble_d_3;ph_0_4;ph_3_4;babble_o_6;babble_m_6;ph_1_6;ph_2_6;ball;ph_0_8;ph_1_8;ph_2_8;ph_3_8;ph_4_8;babble_p_9;ph_0_10;ph_1_10;ph_2_10;ph_3_10;ph_0_7;ph_0_11;book;toy"
2026-08-22 21:56:38,21,"ph_1_3",0.918765,1,0.75,0,3,"look;ph_0_0;ph_1_0;mama;ph_0_3;ph_2_3;ph_4_3;ph_2_0;ph_1_2;ph_2_2;ph_3_2;ph_4_2;babble_d_3;ph_0_4;ph_3_4;babble_o_6;babble_m_6;ph_1_6;ph_2_6;ball;ph_0_8;ph_1_8;ph_2_8;ph_3_8;ph_4_8;babble_p_9;ph_0_10;ph_1_10;ph_2_10;ph_3_10;ph_0_7;ph_0_11;book;toy;cup"
2026-08-22 21:56:38,33,"gaga",0.0306001,2,0.748704,0,3,"look;ph_0_0;ph_1_0;mama;ph_0_3;ph_1_3;ph_2_3;ph_4_3;ph_2_0;ph_1_2;ph_2_2;ph_3_2;ph_4_2;babble_d_3;ph_0_4;ph_3_4;babble_o_6;babble_m_6;ph_1_6;ph_2_6;ball;ph_0_8;ph_1_8;ph_2_8;ph_3_8;ph_4_8;babble_p_9;ph_0_10;ph_1_10;ph_2_10;ph_3_10;ph_0_7;ph_0_11;book;toy;cup"
2026-08-22 21:56:38,50,"ph_2_8",0.668822,1,0.722222,0,3,"look;ph_0_0;ph_1_0;mama;ph_0_3;ph_1_3;ph_2_3;ph_4_3;ph_2_0;ph_1_2;ph_2_2;ph_3_2;ph_4_2;babble_d_3;ph_0_4;ph_3_4;babble_o_6;babble_m_6;ph_1_6;ph_2_6;ball;ph_0_8;ph_1_8;ph_3_8;ph_4_8;babble_p_9;ph_0_10;ph_1_10;ph_2_10;ph_3_10;ph_0_7;ph_0_11;book;toy;cup"
2026-08-22 21:56:38,63,"ph_0_11",0.449034,1,0.583333,0,3,"look;ph_0_0;ph_1_0;mama;ph_0_3;ph_1_3;ph_2_3;ph_4_3;ph_2_0;ph_1_2;ph_2_2;ph_3_2;ph_4_2;babble_d_3;ph_0_4;ph_3_4;babble_o_6;babble_m_6;ph_1_6;ph_2_6;ball;ph_0_8;ph_1_8;ph_2_8;ph_3_8;ph_4_8;babble_p_9;ph_0_10;ph_1_10;ph_2_10;ph_3_10;ph_0_7;book;toy;cup"
2026-08-22 21:56:38,21,"ph_1_3",0.918765,1,0.772727,0,3,"look;ph_0_0;ph_1_0;mama;ph_0_3;ph_2_3;ph_4_3;ph_2_0;ph_1_2;ph_2_2;ph_3_2;ph_4_2;babble_d_3;ph_0_4;ph_3_4;babble_o_6;babble_m_6;ph_1_6;ph_2_6;ball;ph_0_8;ph_1_8;ph_2_8;ph_3_8;ph_4_8;babble_p_9;ph_0_10;ph_1_10;ph_2_10;ph_3_10;ph_0_7;ph_0_11;book;toy;cup"
2026-08-22 21:56:38,33,"gaga",0.0306001,2,0.771527,0,3,"look;ph_0_0;ph_1_0;mama;ph_0_3;ph_1_3;ph_2_3;ph_4_3;ph_2_0;ph_1_2;ph_2_2;ph_3_2;ph_4_2;babble_d_3;ph_0_4;ph_3_4;babble_o_6;babble_m_6;ph_1_6;ph_2_6;ball;ph_0_8;ph_1_8;ph_2_8;ph_3_8;ph_4_8;babble_p_9;ph_0_10;ph_1_10;ph_2_10;ph_3_10;ph_0_7;ph_0_11;book;toy;cup"
2026-08-22 21:56:38,50,"ph_2_8",0.668822,1,0.75,0,3,"look;ph_0_0;ph_1_0;mama;ph_0_3;ph_1_3;ph_2_3;ph_4_3;ph_2_0;ph_1_2;ph_2_2;ph_3_2;ph_4_2;babble_d_3;ph_0_4;ph_3_4;babble_o_6;babble_m_6;ph_1_6;ph_2_6;ball;ph_0_8;ph_1_8;ph_3_8;ph_4_8;babble_p_9;ph_0_10;ph_1_10;ph_2_10;ph_3_10;ph_0_7;ph_0_11;book;toy;cup"
2026-08-22 21:56:38,63,"ph_0_11",0.449034,1,0.642857,0,3,"look;ph_0_0;ph_1_0;mama;ph_0_3;ph_1_3;ph_2_3;ph_4_3;ph_2_0;ph_1_2;ph_2_2;ph_3_2;ph_4_2;babble_d_3;ph_0_4;ph_3_4;babble_o_6;babble_m_6;ph_1_6;ph_2_6;ball;ph_0_8;ph_1_8;ph_2_8;ph_3_8;ph_4_8;babble_p_9;ph_0_10;ph_1_10;ph_2_10;ph_3_10;ph_0_7;book;toy;cup"
2026-08-22 21:56:38,21,"ph_1_3",0.918765,1,0.791667,0,3,"look;ph_0_0;ph_1_0;mama;ph_0_3;ph_2_3;ph_4_3;ph_2_0;ph_1_2;ph_2_2;ph_3_2;ph_4_2;babble_d_3;ph_0_4;ph_3_4;babble_o_6;babble_m_6;ph_1_6;ph_2_6;ball;ph_0_8;ph_1_8;ph_2_8;ph_3_8;ph_4_8;babble_p_9;ph_0_10;ph_1_10;ph_2_10;ph_3_10;ph_0_7;ph_0_11;book;toy;cup"
2026-08-22 21:56:38,33,"gaga",0.0306001,2,0.790565,0,3,"look;ph_0_0;ph_1_0;mama;ph_0_3;ph_1_3;ph_2_3;ph_4_3;ph_2_0;ph_1_2;ph_2_2;ph_3_2;ph_4_2;babble_d_3;ph_0_4;ph_3_4;babble_o_6;babble_m_6;ph_1_6;ph_2_6;ball;ph_0_8;ph_1_8;ph_2_8;ph_3_8;ph_4_8;babble_p_9;ph_0_10;ph_1_10;ph_2_10;ph_3_10;ph_0_7;ph_0_11;book;toy;cup"
2026-08-22 21:56:38,50,"ph_2_8",0.668822,1,0.772727,0,3,"look;ph_0_0;ph_1_0;mama;ph_0_3;ph_1_3;ph_2_3;ph_4_3;ph_2_0;ph_1_2;ph_2_2;ph_3_2;ph_4_2;babble_d_3;ph_0_4;ph_3_4;babble_o_6;babble_m_6;ph_1_6;ph_2_6;ball;ph_0_8;ph_1_8;ph_3_8;ph_4_8;babble_p_9;ph_0_10;ph_1_10;ph_2_10;ph_3_10;ph_0_7;ph_0_11;book;toy;cup"
2026-08-22 21:56:38,63,"ph_0_11",0.449034,1,0.6875,0,3,"look;ph_0_0;ph_1_0;mama;ph_0_3;ph_1_3;ph_2_3;ph_4_3;ph_2_0;ph_1_2;ph_2_2;ph_3_2;ph_4_2;babble_d_3;ph_0_4;ph_3_4;babble_o_6;babble_m_6;ph_1_6;ph_2_6;ball;ph_0_8;ph_1_8;ph_2_8;ph_3_8;ph_4_8;babble_p_9;ph_0_10;ph_1_10;ph_2_10;ph_3_10;ph_0_7;book;toy;cup"
2026-08-22 21:56:38,21,"ph_1_3",0.918765,1,0.807692,0,3,"look;ph_0_0;ph_1_0;mama;ph_0_3;ph_2_3;ph_4_3;ph_2_0;ph_1_2;ph_2_2;ph_3_2;ph_4_2;babble_d_3;ph_0_4;ph_3_4;babble_o_6;babble_m_6;ph_1_6;ph_2_6;ball;ph_0_8;ph_1_8;ph_2_8;ph_3_8;ph_4_8;babble_p_9;ph_0_10;ph_1_10;ph_2_10;ph_3_10;ph_0_7;ph_0_11;book;toy;cup"
2026-08-22 21:56:38,33,"gaga",0.0306001,2,0.80668,0,3,"look;ph_0_0;ph_1_0;mama;ph_0_3;ph_1_3;ph_2_3;ph_4_3;ph_2_0;ph_1_2;ph_2_2;ph_3_2;ph_4_2;babble_d_3;ph_0_4;ph_3_4;babble_o_6;babble_m_6;ph_1_6;ph_2_6;ball;ph_0_8;ph_1_8;ph_2_8;ph_3_8;ph_4_8;babble_p_9;ph_0_10;ph_1_10;ph_2_10;ph_3_10;ph_0_7;ph_0_11;book;toy;cup"
2026-08-22 21:56:38,49,"ph_1_8",0.304851,1,0.642857,0,3,"look;ph_0_0;ph_1_0;mama;ph_0_3;ph_1_3;ph_2_3;ph_4_3;ph_2_0;ph_1_2;ph_2_2;ph_3_2;ph_4_2;babble_d_3;ph_0_4;ph_3_4;babble_o_6;babble_m_6;ph_1_6;ph_2_6;ball;ph_0_8;ph_2_8;ph_3_8;ph_4_8;babble_p_9;ph_0_10;ph_1_10;ph_2_10;ph_3_10;ph_0_7;ph_0_11;book;toy;cup"
2026-08-22 21:56:38,62,"hi",0.0324201,2,0.642857,0,3,"look;ph_0_0;ph_1_0;mama;ph_0_3;ph_1_3;ph_2_3;ph_4_3;ph_2_0;ph_1_2;ph_2_2;ph_3_2;ph_4_2;babble_d_3;ph_0_4;ph_3_4;babble_o_6;babble_m_6;ph_1_6;ph_2_6;ball;ph_0_8;ph_1_8;ph_2_8;ph_3_8;ph_4_8;babble_p_9;ph_0_10;ph_1_10;ph_2_10;ph_3_10;ph_0_7;ph_0_11;book;toy;cup"
2026-08-22 21:56:38,20,"ph_0_3",0.210228,1,0.642857,0,3,"look;ph_0_0;ph_1_0;mama;ph_1_3;ph_2_3;ph_4_3;ph_2_0;ph_1_2;ph_2_2;ph_3_2;ph_4_2;babble_d_3;ph_0_4;ph_3_4;babble_o_6;babble_m_6;ph_1_6;ph_2_6;ball;ph_0_8;ph_1_8;ph_2_8;ph_3_8;ph_4_8;babble_p_9;ph_0_10;ph_1_10;ph_2_10;ph_3_10;ph_0_7;ph_0_11;book;toy;cup"
2026-08-22 21:56:38,32,"ph_4_2",0.684687,1,0.642857,0,3,"look;ph_0_0;ph_1_0;mama;ph_0_3;ph_1_3;ph_2_3;ph_4_3;ph_2_0;ph_1_2;ph_2_2;ph_3_2;babble_d_3;ph_0_4;ph_3_4;babble_o_6;babble_m_6;ph_1_6;ph_2_6;ball;ph_0_8;ph_1_8;ph_2_8;ph_3_8;ph_4_8;babble_p_9;ph_0_10;ph_1_10;ph_2_10;ph_3_10;ph_0_7;ph_0_11;book;toy;cup"
2026-08-22 21:56:38,48,"ph_0_8",0.838884,1,0.772727,0,3,"look;ph_0_0;ph_1_0;mama;ph_0_3;ph_1_3;ph_2_3;ph_4_3;ph_2_0;ph_1_2;ph_2_2;ph_3_2;ph_4_2;babble_d_3;ph_0_4;ph_3_4;babble_o_6;babble_m_6;ph_1_6;ph_2_6;ball;ph_1_8;ph_2_8;ph_3_8;ph_4_8;babble_p_9;ph_0_10;ph_1_10;ph_2_10;ph_3_10;ph_0_7;ph_0_11;book;toy;cup"
2026-08-22 21:56:38,61,"ph_0_7",0.748234,1,0.6875,0,3,"look;ph_0_0;ph_1_0;mama;ph_0_3;ph_1_3;ph_2_3;ph_4_3;ph_2_0;ph_1_2;ph_2_2;ph_3_2;ph_4_2;babble_d_3;ph_0_4;ph_3_4;babble_o_6;babble_m_6;ph_1_6;ph_2_6;ball;ph_0_8;ph_1_8;ph_2_8;ph_3_8;ph_4_8;babble_p_9;ph_0_10;ph_1_10;ph_2_10;ph_3_10;ph_0_11;book;toy;cup"
2026-08-22 21:56:38,19,"mama",1,1,0.772727,0.256211,3,"look;ph_0_0;ph_1_0;ph_0_3;ph_1_3;ph_2_3;ph_4_3;ph_2_0;ph_1_2;ph_2_2;ph_3_2;ph_4_2;babble_d_3;ph_0_4;ph_3_4;babble_o_6;babble_m_6;ph_1_6;ph_2_6;ball;ph_0_8;ph_1_8;ph_2_8;ph_3_8;ph_4_8;babble_p_9;ph_0_10;ph_1_10;ph_2_10;ph_3_10;ph_0_7;ph_0_11;book;toy;cup"
2026-08-22 21:56:38,31,"ph_3_2",0.382182,1,0.772727,0,3,"look;ph_0_0;ph_1_0;mama;ph_0_3;ph_1_3;ph_2_3;ph_4_3;ph_2_0;ph_1_2;ph_2_2;ph_4_2;babble_d_3;ph_0_4;ph_3_4;babble_o_6;babble_m_6;ph_1_6;ph_2_6;ball;ph_0_8;ph_1_8;ph_2_8;ph_3_8;ph_4_8;babble_p_9;ph_0_10;ph_1_10;ph_2_10;ph_3_10;ph_0_7;ph_0_11;book;toy;cup"
2026-08-22 21:56:38,47,"ball",1,1,0.2,0.267506,3,"look;ph_0_0;ph_1_0;mama;ph_0_3;ph_1_3;ph_2_3;ph_4_3;ph_2_0;ph_1_2;ph_2_2;ph_3_2;ph_4_2;babble_d_3;ph_0_4;ph_3_4;babble_o_6;babble_m_6;ph_1_6;ph_2_6;ph_0_8;ph_1_8;ph_2_8;ph_3_8;ph_4_8;babble_p_9;ph_0_10;ph_1_10;ph_2_10;ph_3_10;ph_0_7;ph_0_11;book;toy;cup"
2026-08-22 21:56:38,60,"papa",0.0343707,2,0.642857,0,3,"look;ph_0_0;ph_1_0;mama;ph_0_3;ph_1_3;ph_2_3;ph_4_3;ph_2_0;ph_1_2;ph_2_2;ph_3_2;ph_4_2;babble_d_3;ph_0_4;ph_3_4;babble_o_6;babble_m_6;ph_1_6;ph_2_6;ball;ph_0_8;ph_1_8;ph_2_8;ph_3_8;ph_4_8;babble_p_9;ph_0_10;ph_1_10;ph_2_10;ph_3_10;ph_0_7;ph_0_11;book;toy;cup"
2026-08-22 21:56:38,18,"ba",0,1,0.682834,0,3,"look;ph_0_0;ph_1_0;mama;ph_0_3;ph_1_3;ph_2_3;ph_4_3;ph_2_0;ph_1_2;ph_2_2;ph_3_2;ph_4_2;babble_d_3;ph_0_4;ph_3_4;babble_o_6;babble_m_6;ph_1_6;ph_2_6;ball;ph_0_8;ph_1_8;ph_2_8;ph_3_8;ph_4_8;babble_p_9;ph_0_10;ph_1_10;ph_2_10;ph_3_10;ph_0_7;ph_0_11;book;toy;cup"
2026-08-22 21:56:38,30,"ph_2_2",0.745486,1,0.642857,0,3,"look;ph_0_0;ph_1_0;mama;ph_0_3;ph_1_3;ph_2_3;ph_4_3;ph_2_0;ph_1_2;ph_3_2;ph_4_2;babble_d_3;ph_0_4;ph_3_4;babble_o_6;babble_m_6;ph_1_6;ph_2_6;ball;ph_0_8;ph_1_8;ph_2_8;ph_3_8;ph_4_8;babble_p_9;ph_0_10;ph_1_10;ph_2_10;ph_3_10;ph_0_7;ph_0_11;book;toy;cup"
2026-08-22 21:56:38,46,"ph_2_6",0.892988,1,0.642857,0,3,"look;ph_0_0;ph_1_0;mama;ph_0_3;ph_1_3;ph_2_3;ph_4_3;ph_2_0;ph_1_2;ph_2_2;ph_3_2;ph_4_2;babble_d_3;ph_0_4;ph_3_4;babble_o_6;babble_m_6;ph_1_6;ball;ph_0_8;ph_1_8;ph_2_8;ph_3_8;ph_4_8;babble_p_9;ph_0_10;ph_1_10;ph_2_10;ph_3_10;ph_0_7;ph_0_11;book;toy;cup"
2026-08-22 21:56:38,59,"ph_3_10",0.371964,1,0.642857,0,3,"look;ph_0_0;ph_1_0;mama;ph_0_3;ph_1_3;ph_2_3;ph_4_3;ph_2_0;ph_1_2;ph_2_2;ph_3_2;ph_4_2;babble_d_3;ph_0_4;ph_3_4;babble_o_6;babble_m_6;ph_1_6;ph_2_6;ball;ph_0_8;ph_1_8;ph_2_8;ph_3_8;ph_4_8;babble_p_9;ph_0_10;ph_1_10;ph_2_10;ph_0_7;ph_0_11;book;toy;cup"
2026-08-22 21:56:38,17,"ph_1_0",0.298016,1,0.75,0,3,"look;ph_0_0;mama;ph_0_3;ph_1_3;ph_2_3;ph_4_3;ph_2_0;ph_1_2;ph_2_2;ph_3_2;ph_4_2;babble_d_3;ph_0_4;ph_3_4;babble_o_6;babble_m_6;ph_1_6;ph_2_6;ball;ph_0_8;ph_1_8;ph_2_8;ph_3_8;ph_4_8;babble_p_9;ph_0_10;ph_1_10;ph_2_10;ph_3_10;ph_0_7;ph_0_11;book;toy;cup"
2026-08-22 21:56:38,29,"ph_1_2",0.534024,1,0.6875,0,3,"look;ph_0_0;ph_1_0;mama;ph_0_3;ph_1_3;ph_2_3;ph_4_3;ph_2_0;ph_2_2;ph_3_2;ph_4_2;babble_d_3;ph_0_4;ph_3_4;babble_o_6;babble_m_6;ph_1_6;ph_2_6;ball;ph_0_8;ph_1_8;ph_2_8;ph_3_8;ph_4_8;babble_p_9;ph_0_10;ph_1_10;ph_2_10;ph_3_10;ph_0_7;ph_0_11;book;toy;cup"
2026-08-22 21:56:38,45,"ph_1_6",0.757869,1,0.642857,0,3,"look;ph_0_0;ph_1_0;mama;ph_0_3;ph_1_3;ph_2_3;ph_4_3;ph_2_0;ph_1_2;ph_2_2;ph_3_2;ph_4_2;babble_d_3;ph_0_4;ph_3_4;babble_o_6;babble_m_6;ph_2_6;ball;ph_0_8;ph_1_8;ph_2_8;ph_3_8;ph_4_8;babble_p_9;ph_0_10;ph_1_10;ph_2_10;ph_3_10;ph_0_7;ph_0_11;book;toy;cup"
2026-08-22 21:56:38,58,"ph_2_10",0.880002,1,0.6875,0,3,"look;ph_0_0;ph_1_0;mama;ph_0_3;ph_1_3;ph_2_3;ph_4_3;ph_2_0;ph_1_2;ph_2_2;ph_3_2;ph_4_2;babble_d_3;ph_0_4;ph_3_4;babble_o_6;babble_m_6;ph_1_6;ph_2_6;ball;ph_0_8;ph_1_8;ph_2_8;ph_3_8;ph_4_8;babble_p_9;ph_0_10;ph_1_10;ph_3_10;ph_0_7;ph_0_11;book;toy;cup"
2026-08-22 21:56:38,16,"ph_0_0",0.967547,1,0.73998,0,3,"look;ph_1_0;mama;ph_0_3;ph_1_3;ph_2_3;ph_4_3;ph_2_0;ph_1_2;ph_2_2;ph_3_2;ph_4_2;babble_d_3;ph_0_4;ph_3_4;babble_o_6;babble_m_6;ph_1_6;ph_2_6;ball;ph_0_8;ph_1_8;ph_2_8;ph_3_8;ph_4_8;babble_p_9;ph_0_10;ph_1_10;ph_2_10;ph_3_10;ph_0_7;ph_0_11;book;toy;cup"
2026-08-22 21:56:38,28,"ph_0_2",0.0549895,1,0.6875,0,3,"look;ph_0_0;ph_1_0;mama;ph_0_3;ph_1_3;ph_2_3;ph_4_3;ph_2_0;ph_1_2;ph_2_2;ph_3_2;ph_4_2;babble_d_3;ph_0_4;ph_3_4;babble_o_6;babble_m_6;ph_1_6;ph_2_6;ball;ph_0_8;ph_1_8;ph_2_8;ph_3_8;ph_4_8;babble_p_9;ph_0_10;ph_1_10;ph_2_10;ph_3_10;ph_0_7;ph_0_11;book;toy;cup"
2026-08-22 21:56:38,44,"ph_0_6",0.0318073,1,0.6875,0,3,"look;ph_0_0;ph_1_0;mama;ph_0_3;ph_1_3;ph_2_3;ph_4_3;ph_2_0;ph_1_2;ph_2_2;ph_3_2;ph_4_2;babble_d_3;ph_0_4;ph_3_4;babble_o_6;babble_m_6;ph_1_6;ph_2_6;ball;ph_0_8;ph_1_8;ph_2_8;ph_3_8;ph_4_8;babble_p_9;ph_0_10;ph_1_10;ph_2_10;ph_3_10;ph_0_7;ph_0_11;book;toy;cup"
2026-08-22 21:56:38,57,"ph_1_10",0.963858,1,0.6875,0,3,"look;ph_0_0;ph_1_0;mama;ph_0_3;ph_1_3;ph_2_3;ph_4_3;ph_2_0;ph_1_2;ph_2_2;ph_3_2;ph_4_2;babble_d_3;ph_0_4;ph_3_4;babble_o_6;babble_m_6;ph_1_6;ph_2_6;ball;ph_0_8;ph_1_8;ph_2_8;ph_3_8;ph_4_8;babble_p_9;ph_0_10;ph_2_10;ph_3_10;ph_0_7;ph_0_11;book;toy;cup"
2026-08-22 21:56:38,67,"cup",1,1,0.2,0.284234,3,"look;ph_0_0;ph_1_0;mama;ph_0_3;ph_1_3;ph_2_3;ph_4_3;ph_2_0;ph_1_2;ph_2_2;ph_3_2;ph_4_2;babble_d_3;ph_0_4;ph_3_4;babble_o_6;babble_m_6;ph_1_6;ph_2_6;ball;ph_0_8;ph_1_8;ph_2_8;ph_3_8;ph_4_8;babble_p_9;ph_0_10;ph_1_10;ph_2_10;ph_3_10;ph_0_7;ph_0_11;book;toy"
2026-08-22 21:56:38,27,"ph_2_0",0.786435,1,0.772727,0,3,"look;ph_0_0;ph_1_0;mama;ph_0_3;ph_1_3;ph_2_3;ph_4_3;ph_1_2;ph_2_2;ph_3_2;ph_4_2;babble_d_3;ph_0_4;ph_3_4;babble_o_6;babble_m_6;ph_1_6;ph_2_6;ball;ph_0_8;ph_1_8;ph_2_8;ph_3_8;ph_4_8;babble_p_9;ph_0_10;ph_1_10;ph_2_10;ph_3_10;ph_0_7;ph_0_11;book;toy;cup"
2026-08-22 21:56:38,40,"ph_3_4",0.218298,1,0.772727,0,3,"look;ph_0_0;ph_1_0;mama;ph_0_3;ph_1_3;ph_2_3;ph_4_3;ph_2_0;ph_1_2;ph_2_2;ph_3_2;ph_4_2;babble_d_3;ph_0_4;babble_o_6;babble_m_6;ph_1_6;ph_2_6;ball;ph_0_8;ph_1_8;ph_2_8;ph_3_8;ph_4_8;babble_p_9;ph_0_10;ph_1_10;ph_2_10;ph_3_10;ph_0_7;ph_0_11;book;toy;cup"
2026-08-22 21:56:38,56,"ph_0_10",0.341369,1,0.583333,0,3,"look;ph_0_0;ph_1_0;mama;ph_0_3;ph_1_3;ph_2_3;ph_4_3;ph_2_0;ph_1_2;ph_2_2;ph_3_2;ph_4_2;babble_d_3;ph_0_4;ph_3_4;babble_o_6;babble_m_6;ph_1_6;ph_2_6;ball;ph_0_8;ph_1_8;ph_2_8;ph_3_8;ph_4_8;babble_p_9;ph_1_10;ph_2_10;ph_3_10;ph_0_7;ph_0_11;book;toy;cup"
2026-08-22 21:56:38,66,"toy",0.994559,1,0.2,0.268958,3,"look;ph_0_0;ph_1_0;mama;ph_0_3;ph_1_3;ph_2_3;ph_4_3;ph_2_0;ph_1_2;ph_2_2;ph_3_2;ph_4_2;babble_d_3;ph_0_4;ph_3_4;babble_o_6;babble_m_6;ph_1_6;ph_2_6;ball;ph_0_8;ph_1_8;ph_2_8;ph_3_8;ph_4_8;babble_p_9;ph_0_10;ph_1_10;ph_2_10;ph_3_10;ph_0_7;ph_0_11;book;cup"
2026-08-22 21:56:38,24,"ph_4_3",0.283232,1,0.634949,0,3,"look;ph_0_0;ph_1_0;mama;ph_0_3;ph_1_3;ph_2_3;ph_2_0;ph_1_2;ph_2_2;ph_3_2;ph_4_2;babble_d_3;ph_0_4;ph_3_4;babble_o_6;babble_m_6;ph_1_6;ph_2_6;ball;ph_0_8;ph_1_8;ph_2_8;ph_3_8;ph_4_8;babble_p_9;ph_0_10;ph_1_10;ph_2_10;ph_3_10;ph_0_7;ph_0_11;book;toy;cup"
2026-08-22 21:56:38,39,"ph_2_4",0.0248123,1,0.583333,0,3,"look;ph_0_0;ph_1_0;mama;ph_0_3;ph_1_3;ph_2_3;ph_4_3;ph_2_0;ph_1_2;ph_2_2;ph_3_2;ph_4_2;babble_d_3;ph_0_4;ph_3_4;babble_o_6;babble_m_6;ph_1_6;ph_2_6;ball;ph_0_8;ph_1_8;ph_2_8;ph_3_8;ph_4_8;babble_p_9;ph_0_10;ph_1_10;ph_2_10;ph_3_10;ph_0_7;ph_0_11;book;toy;cup"
2026-08-22 21:56:38,52,"ph_4_8",0.481015,1,0.6875,0,3,"look;ph_0_0;ph_1_0;mama;ph_0_3;ph_1_3;ph_2_3;ph_4_3;ph_2_0;ph_1_2;ph_2_2;ph_3_2;ph_4_2;babble_d_3;ph_0_4;ph_3_4;babble_o_6;babble_m_6;ph_1_6;ph_2_6;ball;ph_0_8;ph_1_8;ph_2_8;ph_3_8;babble_p_9;ph_0_10;ph_1_10;ph_2_10;ph_3_10;ph_0_7;ph_0_11;book;toy;cup"
2026-08-22 21:56:38,65,"book",1,3,0.2,0.263057,3,"look;ph_0_0;ph_1_0;mama;ph_0_3;ph_1_3;ph_2_3;ph_4_3;ph_2_0;ph_1_2;ph_2_2;ph_3_2;ph_4_2;babble_d_3;ph_0_4;ph_3_4;babble_o_6;babble_m_6;ph_1_6;ph_2_6;ball;ph_0_8;ph_1_8;ph_2_8;ph_3_8;ph_4_8;babble_p_9;ph_0_10;ph_1_10;ph_2_10;ph_3_10;ph_0_7;ph_0_11;toy;cup"
2026-08-22 21:56:38,23,"ph_3_3",0.0974328,1,0.6875,0,3,"look;ph_0_0;ph_1_0;mama;ph_0_3;ph_1_3;ph_2_3;ph_4_3;ph_2_0;ph_1_2;ph_2_2;ph_3_2;ph_4_2;babble_d_3;ph_0_4;ph_3_4;babble_o_6;babble_m_6;ph_1_6;ph_2_6;ball;ph_0_8;ph_1_8;ph_2_8;ph_3_8;ph_4_8;babble_p_9;ph_0_10;ph_1_10;ph_2_10;ph_3_10;ph_0_7;ph_0_11;book;toy;cup"
2026-08-22 21:56:38,38,"ph_1_4",0.0710369,1,0.6875,0,3,"look;ph_0_0;ph_1_0;mama;ph_0_3;ph_1_3;ph_2_3;ph_4_3;ph_2_0;ph_1_2;ph_2_2;ph_3_2;ph_4_2;babble_d_3;ph_0_4;ph_3_4;babble_o_6;babble_m_6;ph_1_6;ph_2_6;ball;ph_0_8;ph_1_8;ph_2_8;ph_3_8;ph_4_8;babble_p_9;ph_0_10;ph_1_10;ph_2_10;ph_3_10;ph_0_7;ph_0_11;book;toy;cup"
2026-08-22 21:56:38,51,"ph_3_8",0.617498,1,0.642857,0,3,"look;ph_0_0;ph_1_0;mama;ph_0_3;ph_1_3;ph_2_3;ph_4_3;ph_2_0;ph_1_2;ph_2_2;ph_3_2;ph_4_2;babble_d_3;ph_0_4;ph_3_4;babble_o_6;babble_m_6;ph_1_6;ph_2_6;ball;ph_0_8;ph_1_8;ph_2_8;ph_4_8;babble_p_9;ph_0_10;ph_1_10;ph_2_10;ph_3_10;ph_0_7;ph_0_11;book;toy;cup"
2026-08-22 21:56:38,64,"ph_0_15",0.0183121,1,0.583333,0,3,"look;ph_0_0;ph_1_0;mama;ph_0_3;ph_1_3;ph_2_3;ph_4_3;ph_2_0;ph_1_2;ph_2_2;ph_3_2;ph_4_2;babble_d_3;ph_0_4;ph_3_4;babble_o_6;babble_m_6;ph_1_6;ph_2_6;ball;ph_0_8;ph_1_8;ph_2_8;ph_3_8;ph_4_8;babble_p_9;ph_0_10;ph_1_10;ph_2_10;ph_3_10;ph_0_7;ph_0_11;book;toy;cup"
2026-08-22 21:56:38,22,"ph_2_3",0.627188,1,0.6875,0,4,"look;ph_0_0;ph_1_0;mama;ph_0_3;ph_1_3;ph_4_3;ph_2_0;ph_1_2;ph_2_2;ph_3_2;ph_4_2;babble_d_3;ph_0_4;ph_3_4;babble_o_6;babble_m_6;ph_1_6;ph_2_6;ball;ph_0_8;ph_1_8;ph_2_8;ph_3_8;ph_4_8;babble_p_9;ph_0_10;ph_1_10;ph_2_10;ph_3_10;ph_0_7;ph_0_11;book;toy;cup"
2026-08-22 21:56:38,37,"ph_0_4",0.520545,1,0.6875,0,4,"look;ph_0_0;ph_1_0;mama;ph_0_3;ph_1_3;ph_2_3;ph_4_3;ph_2_0;ph_1_2;ph_2_2;ph_3_2;ph_4_2;babble_d_3;ph_3_4;babble_o_6;babble_m_6;ph_1_6;ph_2_6;ball;ph_0_8;ph_1_8;ph_2_8;ph_3_8;ph_4_8;babble_p_9;ph_0_10;ph_1_10;ph_2_10;ph_3_10;ph_0_7;ph_0_11;book;toy;cup"
2026-08-22 21:56:38,50,"ph_2_8",0.668822,1,0.791667,0,4,"look;ph_0_0;ph_1_0;mama;ph_0_3;ph_1_3;ph_2_3;ph_4_3;ph_2_0;ph_1_2;ph_2_2;ph_3_2;ph_4_2;babble_d_3;ph_0_4;ph_3_4;babble_o_6;babble_m_6;ph_1_6;ph_2_6;ball;ph_0_8;ph_1_8;ph_3_8;ph_4_8;babble_p_9;ph_0_10;ph_1_10;ph_2_10;ph_3_10;ph_0_7;ph_0_11;book;toy;cup"
2026-08-22 21:56:38,63,"ph_0_11",0.449034,1,0.722222,0,4,"look;ph_0_0;ph_1_0;mama;ph_0_3;ph_1_3;ph_2_3;ph_4_3;ph_2_0;ph_1_2;ph_2_2;ph_3_2;ph_4_2;babble_d_3;ph_0_4;ph_3_4;babble_o_6;babble_m_6;ph_1_6;ph_2_6;ball;ph_0_8;ph_1_8;ph_2_8;ph_3_8;ph_4_8;babble_p_9;ph_0_10;ph_1_10;ph_2_10;ph_3_10;ph_0_7;book;toy;cup"
2026-08-22 21:56:39,21,"ph_1_3",0.918765,1,0.821429,0,4,"look;ph_0_0;ph_1_0;mama;ph_0_3;ph_2_3;ph_4_3;ph_2_0;ph_1_2;ph_2_2;ph_3_2;ph_4_2;babble_d_3;ph_0_4;ph_3_4;babble_o_6;babble_m_6;ph_1_6;ph_2_6;ball;ph_0_8;ph_1_8;ph_2_8;ph_3_8;ph_4_8;babble_p_9;ph_0_10;ph_1_10;ph_2_10;ph_3_10;ph_0_7;ph_0_11;book;toy;cup"
2026-08-22 21:56:39,33,"gaga",0.0306001,2,0.820495,0,4,"look;ph_0_0;ph_1_0;mama;ph_0_3;ph_1_3;ph_2_3;ph_4_3;ph_2_0;ph_1_2;ph_2_2;ph_3_2;ph_4_2;babble_d_3;ph_0_4;ph_3_4;babble_o_6;babble_m_6;ph_1_6;ph_2_6;ball;ph_0_8;ph_1_8;ph_2_8;ph_3_8;ph_4_8;babble_p_9;ph_0_10;ph_1_10;ph_2_10;ph_3_10;ph_0_7;ph_0_11;book;toy;cup"
2026-08-22 21:56:39,49,"ph_1_8",0.304851,1,0.6875,0,4,"look;ph_0_0;ph_1_0;mama;ph_0_3;ph_1_3;ph_2_3;ph_4_3;ph_2_0;ph_1_2;ph_2_2;ph_3_2;ph_4_2;babble_d_3;ph_0_4;ph_3_4;babble_o_6;babble_m_6;ph_1_6;ph_2_6;ball;ph_0_8;ph_2_8;ph_3_8;ph_4_8;babble_p_9;ph_0_10;ph_1_10;ph_2_10;ph_3_10;ph_0_7;ph_0_11;book;toy;cup"
2026-08-22 21:56:39,62,"hi",0.0324201,2,0.6875,0,4,"look;ph_0_0;ph_1_0;mama;ph_0_3;ph_1_3;ph_2_3;ph_4_3;ph_2_0;ph_1_2;ph_2_2;ph_3_2;ph_4_2;babble_d_3;ph_0_4;ph_3_4;babble_o_6;babble_m_6;ph_1_6;ph_2_6;ball;ph_0_8;ph_1_8;ph_2_8;ph_3_8;ph_4_8;babble_p_9;ph_0_10;ph_1_10;ph_2_10;ph_3_10;ph_0_7;ph_0_11;book;toy;cup"
2026-08-22 21:56:39,19,"mama",1,1,0.791667,0.256211,4,"look;ph_0_0;ph_1_0;ph_0_3;ph_1_3;ph_2_3;ph_4_3;ph_2_0;ph_1_2;ph_2_2;ph_3_2;ph_4_2;babble_d_3;ph_0_4;ph_3_4;babble_o_6;babble_m_6;ph_1_6;ph_2_6;ball;ph_0_8;ph_1_8;ph_2_8;ph_3_8;ph_4_8;babble_p_9;ph_0_10;ph_1_10;ph_2_10;ph_3_10;ph_0_7;ph_0_11;book;toy;cup"
2026-08-22 21:56:39,31,"ph_3_2",0.382182,1,0.791667,0,4,"look;ph_0_0;ph_1_0;mama;ph_0_3;ph_1_3;ph_2_3;ph_4_3;ph_2_0;ph_1_2;ph_2_2;ph_4_2;babble_d_3;ph_0_4;ph_3_4;babble_o_6;babble_m_6;ph_1_6;ph_2_6;ball;ph_0_8;ph_1_8;ph_2_8;ph_3_8;ph_4_8;babble_p_9;ph_0_10;ph_1_10;ph_2_10;ph_3_10;ph_0_7;ph_0_11;book;toy;cup"
2026-08-22 21:56:39,47,"ball",1,1,0.583333,0.267506,4,"look;ph_0_0;ph_1_0;mama;ph_0_3;ph_1_3;ph_2_3;ph_4_3;ph_2_0;ph_1_2;ph_2_2;ph_3_2;ph_4_2;babble_d_3;ph_0_4;ph_3_4;babble_o_6;babble_m_6;ph_1_6;ph_2_6;ph_0_8;ph_1_8;ph_2_8;ph_3_8;ph_4_8;babble_p_9;ph_0_10;ph_1_10;ph_2_10;ph_3_10;ph_0_7;ph_0_11;book;toy;cup"
2026-08-22 21:56:39,60,"papa",0.0343707,2,0.6875,0,4,"look;ph_0_0;ph_1_0;mama;ph_0_3;ph_1_3;ph_2_3;ph_4_3;ph_2_0;ph_1_2;ph_2_2;ph_3_2;ph_4_2;babble_d_3;ph_0_4;ph_3_4;babble_o_6;babble_m_6;ph_1_6;ph_2_6;ball;ph_0_8;ph_1_8;ph_2_8;ph_3_8;ph_4_8;babble_p_9;ph_0_10;ph_1_10;ph_2_10;ph_3_10;ph_0_7;ph_0_11;book;toy;cup"
2026-08-22 21:56:39,17,"ph_1_0",0.298016,1,0.772727,0,4,"look;ph_0_0;mama;ph_0_3;ph_1_3;ph_2_3;ph_4_3;ph_2_0;ph_1_2;ph_2_2;ph_3_2;ph_4_2;babble_d_3;ph_0_4;ph_3_4;babble_o_6;babble_m_6;ph_1_6;ph_2_6;ball;ph_0_8;ph_1_8;ph_2_8;ph_3_8;ph_4_8;babble_p_9;ph_0_10;ph_1_10;ph_2_10;ph_3_10;ph_0_7;ph_0_11;book;toy;cup"
2026-08-22 21:56:39,29,"ph_1_2",0.534024,1,0.722222,0,4,"look;ph_0_0;ph_1_0;mama;ph_0_3;ph_1_3;ph_2_3;ph_4_3;ph_2_0;ph_2_2;ph_3_2;ph_4_2;babble_d_3;ph_0_4;ph_3_4;babble_o_6;babble_m_6;ph_1_6;ph_2_6;ball;ph_0_8;ph_1_8;ph_2_8;ph_3_8;ph_4_8;babble_p_9;ph_0_10;ph_1_10;ph_2_10;ph_3_10;ph_0_7;ph_0_11;book;toy;cup"
2026-08-22 21:56:39,45,"ph_1_6",0.757869,1,0.6875,0,4,"look;ph_0_0;ph_1_0;mama;ph_0_3;ph_1_3;ph_2_3;ph_4_3;ph_2_0;ph_1_2;ph_2_2;ph_3_2;ph_4_2;babble_d_3;ph_0_4;ph_3_4;babble_o_6;babble_m_6;ph_2_6;ball;ph_0_8;ph_1_8;ph_2_8;ph_3_8;ph_4_8;babble_p_9;ph_0_10;ph_1_10;ph_2_10;ph_3_10;ph_0_7;ph_0_11;book;toy;cup"
2026-08-22 21:56:39,58,"ph_2_10",0.880002,1,0.722222,0,4,"look;ph_0_0;ph_1_0;mama;ph_0_3;ph_1_3;ph_2_3;ph_4_3;ph_2_0;ph_1_2;ph_2_2;ph_3_2;ph_4_2;babble_d_3;ph_0_4;ph_3_4;babble_o_6;babble_m_6;ph_1_6;ph_2_6;ball;ph_0_8;ph_1_8;ph_2_8;ph_3_8;ph_4_8;babble_p_9;ph_0_10;ph_1_10;ph_3_10;ph_0_7;ph_0_11;book;toy;cup"
2026-08-22 21:56:39,68,"like",0.0376016,1,0.2,0,4,"look;ph_0_0;ph_1_0;mama;ph_0_3;ph_1_3;ph_2_3;ph_4_3;ph_2_0;ph_1_2;ph_2_2;ph_3_2;ph_4_2;babble_d_3;ph_0_4;ph_3_4;babble_o_6;babble_m_6;ph_1_6;ph_2_6;ball;ph_0_8;ph_1_8;ph_2_8;ph_3_8;ph_4_8;babble_p_9;ph_0_10;ph_1_10;ph_2_10;ph_3_10;ph_0_7;ph_0_11;book;toy;cup"
2026-08-22 21:56:39,27,"ph_2_0",0.786435,1,0.791667,0,4,"look;ph_0_0;ph_1_0;mama;ph_0_3;ph_1_3;ph_2_3;ph_4_3;ph_1_2;ph_2_2;ph_3_2;ph_4_2;babble_d_3;ph_0_4;ph_3_4;babble_o_6;babble_m_6;ph_1_6;ph_2_6;ball;ph_0_8;ph_1_8;ph_2_8;ph_3_8;ph_4_8;babble_p_9;ph_0_10;ph_1_10;ph_2_10;ph_3_10;ph_0_7;ph_0_11;book;toy;cup"
2026-08-22 21:56:39,40,"ph_3_4",0.218298,1,0.791667,0,4,"look;ph_0_0;ph_1_0;mama;ph_0_3;ph_1_3;ph_2_3;ph_4_3;ph_2_0;ph_1_2;ph_2_2;ph_3_2;ph_4_2;babble_d_3;ph_0_4;babble_o_6;babble_m_6;ph_1_6;ph_2_6;ball;ph_0_8;ph_1_8;ph_2_8;ph_3_8;ph_4_8;babble_p_9;ph_0_10;ph_1_10;ph_2_10;ph_3_10;ph_0_7;ph_0_11;book;toy;cup"
2026-08-22 21:56:39,56,"ph_0_10",0.341369,1,0.642857,0,4,"look;ph_0_0;ph_1_0;mama;ph_0_3;ph_1_3;ph_2_3;ph_4_3;ph_2_0;ph_1_2;ph_2_2;ph_3_2;ph_4_2;babble_d_3;ph_0_4;ph_3_4;babble_o_6;babble_m_6;ph_1_6;ph_2_6;ball;ph_0_8;ph_1_8;ph_2_8;ph_3_8;ph_4_8;babble_p_9;ph_1_10;ph_2_10;ph_3_10;ph_0_7;ph_0_11;book;toy;cup"
2026-08-22 21:56:39,66,"toy",0.994559,1,0.583333,0.268958,4,"look;ph_0_0;ph_1_0;mama;ph_0_3;ph_1_3;ph_2_3;ph_4_3;ph_2_0;ph_1_2;ph_2_2;ph_3_2;ph_4_2;babble_d_3;ph_0_4;ph_3_4;babble_o_6;babble_m_6;ph_1_6;ph_2_6;ball;ph_0_8;ph_1_8;ph_2_8;ph_3_8;ph_4_8;babble_p_9;ph_0_10;ph_1_10;ph_2_10;ph_3_10;ph_0_7;ph_0_11;book;cup"
2026-08-22 21:56:39,23,"ph_3_3",0.0974328,1,0.722222,0,4,"<SELF>;look;ph_0_0;ph_1_0;mama;ph_0_3;ph_1_3;ph_2_3;ph_4_3;ph_2_0;ph_1_2;ph_2_2;ph_3_2;ph_4_2;babble_d_3;ph_0_4;ph_3_4;babble_o_6;babble_m_6;ph_1_6;ph_2_6;ball;ph_0_8;ph_1_8;ph_2_8;ph_3_8;ph_4_8;babble_p_9;ph_0_10;ph_1_10;ph_2_10;ph_3_10;ph_0_7;ph_0_11;book;toy;cup"
2026-08-22 21:56:39,38,"ph_1_4",0.0710369,1,0.722222,0,4,"<SELF>;look;ph_0_0;ph_1_0;mama;ph_0_3;ph_1_3;ph_2_3;ph_4_3;ph_2_0;ph_1_2;ph_2_2;ph_3_2;ph_4_2;babble_d_3;ph_0_4;ph_3_4;babble_o_6;babble_m_6;ph_1_6;ph_2_6;ball;ph_0_8;ph_1_8;ph_2_8;ph_3_8;ph_4_8;babble_p_9;ph_0_10;ph_1_10;ph_2_10;ph_3_10;ph_0_7;ph_0_11;book;toy;cup"
2026-08-22 21:56:39,51,"ph_3_8",0.617498,1,0.6875,0,4,"<SELF>;look;ph_0_0;ph_1_0;mama;ph_0_3;ph_1_3;ph_2_3;ph_4_3;ph_2_0;ph_1_2;ph_2_2;ph_3_2;ph_4_2;babble_d_3;ph_0_4;ph_3_4;babble_o_6;babble_m_6;ph_1_6;ph_2_6;ball;ph_0_8;ph_1_8;ph_2_8;ph_4_8;babble_p_9;ph_0_10;ph_1_10;ph_2_10;ph_3_10;ph_0_7;ph_0_11;book;toy;cup"
2026-08-22 21:56:39,64,"ph_0_15",0.0183121,1,0.642857,0,4,"<SELF>;look;ph_0_0;ph_1_0;mama;ph_0_3;ph_1_3;ph_2_3;ph_4_3;ph_2_0;ph_1_2;ph_2_2;ph_3_2;ph_4_2;babble_d_3;ph_0_4;ph_3_4;babble_o_6;babble_m_6;ph_1_6;ph_2_6;ball;ph_0_8;ph_1_8;ph_2_8;ph_3_8;ph_4_8;babble_p_9;ph_0_10;ph_1_10;ph_2_10;ph_3_10;ph_0_7;ph_0_11;book;toy;cup"
2026-08-22 21:56:39,21,"ph_1_3",0.918765,1,0.833333,0,4,"<SELF>;look;ph_0_0;ph_1_0;mama;ph_0_3;ph_2_3;ph_4_3;ph_2_0;ph_1_2;ph_2_2;ph_3_2;ph_4_2;babble_d_3;ph_0_4;ph_3_4;babble_o_6;babble_m_6;ph_1_6;ph_2_6;ball;ph_0_8;ph_1_8;ph_2_8;ph_3_8;ph_4_8;babble_p_9;ph_0_10;ph_1_10;ph_2_10;ph_3_10;ph_0_7;ph_0_11;book;toy;cup"
2026-08-22 21:56:39,33,"gaga",0.0306001,2,0.832469,0,4,"<SELF>;look;ph_0_0;ph_1_0;mama;ph_0_3;ph_1_3;ph_2_3;ph_4_3;ph_2_0;ph_1_2;ph_2_2;ph_3_2;ph_4_2;babble_d_3;ph_0_4;ph_3_4;babble_o_6;babble_m_6;ph_1_6;ph_2_6;ball;ph_0_8;ph_1_8;ph_2_8;ph_3_8;ph_4_8;babble_p_9;ph_0_10;ph_1_10;ph_2_10;ph_3_10;ph_0_7;ph_0_11;book;toy;cup"
2026-08-22 21:56:39,49,"ph_1_8",0.304851,1,0.722222,0,4,"<SELF>;look;ph_0_0;ph_1_0;mama;ph_0_3;ph_1_3;ph_2_3;ph_4_3;ph_2_0;ph_1_2;ph_2_2;ph_3_2;ph_4_2;babble_d_3;ph_0_4;ph_3_4;babble_o_6;babble_m_6;ph_1_6;ph_2_6;ball;ph_0_8;ph_2_8;ph_3_8;ph_4_8;babble_p_9;ph_0_10;ph_1_10;ph_2_10;ph_3_10;ph_0_7;ph_0_11;book;toy;cup"
2026-08-22 21:56:39,62,"hi",0.0324201,2,0.722222,0,4,"<SELF>;look;ph_0_0;ph_1_0;mama;ph_0_3;ph_1_3;ph_2_3;ph_4_3;ph_2_0;ph_1_2;ph_2_2;ph_3_2;ph_4_2;babble_d_3;ph_0_4;ph_3_4;babble_o_6;babble_m_6;ph_1_6;ph_2_6;ball;ph_0_8;ph_1_8;ph_2_8;ph_3_8;ph_4_8;babble_p_9;ph_0_10;ph_1_10;ph_2_10;ph_3_10;ph_0_7;ph_0_11;book;toy;cup"
2026-08-22 21:56:39,18,"ba",0,1,0.718285,0,4,"<SELF>;look;ph_0_0;ph_1_0;mama;ph_0_3;ph_1_3;ph_2_3;ph_4_3;ph_2_0;ph_1_2;ph_2_2;ph_3_2;ph_4_2;babble_d_3;ph_0_4;ph_3_4;babble_o_6;babble_m_6;ph_1_6;ph_2_6;ball;ph_0_8;ph_1_8;ph_2_8;ph_3_8;ph_4_8;babble_p_9;ph_0_10;ph_1_10;ph_2_10;ph_3_10;ph_0_7;ph_0_11;book;toy;cup"
2026-08-22 21:56:39,30,"ph_2_2",0.745486,1,0.6875,0,4,"<SELF>;look;ph_0_0;ph_1_0;mama;ph_0_3;ph_1_3;ph_2_3;ph_4_3;ph_2_0;ph_1_2;ph_3_2;ph_4_2;babble_d_3;ph_0_4;ph_3_4;babble_o_6;babble_m_6;ph_1_6;ph_2_6;ball;ph_0_8;ph_1_8;ph_2_8;ph_3_8;ph_4_8;babble_p_9;ph_0_10;ph_1_10;ph_2_10;ph_3_10;ph_0_7;ph_0_11;book;toy;cup"
2026-08-22 21:56:39,46,"ph_2_6",0.892988,1,0.6875,0,4,"<SELF>;look;ph_0_0;ph_1_0;mama;ph_0_3;ph_1_3;ph_2_3;ph_4_3;ph_2_0;ph_1_2;ph_2_2;ph_3_2;ph_4_2;babble_d_3;ph_0_4;ph_3_4;babble_o_6;babble_m_6;ph_1_6;ball;ph_0_8;ph_1_8;ph_2_8;ph_3_8;ph_4_8;babble_p_9;ph_0_10;ph_1_10;ph_2_10;ph_3_10;ph_0_7;ph_0_11;book;toy;cup"
2026-08-22 21:56:39,59,"ph_3_10",0.371964,1,0.6875,0,4,"<SELF>;look;ph_0_0;ph_1_0;mama;ph_0_3;ph_1_3;ph_2_3;ph_4_3;ph_2_0;ph_1_2;ph_2_2;ph_3_2;ph_4_2;babble_d_3;ph_0_4;ph_3_4;babble_o_6;babble_m_6;ph_1_6;ph_2_6;ball;ph_0_8;ph_1_8;ph_2_8;ph_3_8;ph_4_8;babble_p_9;ph_0_10;ph_1_10;ph_2_10;ph_0_7;ph_0_11;book;toy;cup"
2026-08-22 21:56:39,69,"help",0.0376016,1,0.2,0,4,"<SELF>;look;ph_0_0;ph_1_0;mama;ph_0_3;ph_1_3;ph_2_3;ph_4_3;ph_2_0;ph_1_2;ph_2_2;ph_3_2;ph_4_2;babble_d_3;ph_0_4;ph_3_4;babble_o_6;babble_m_6;ph_1_6;ph_2_6;ball;ph_0_8;ph_1_8;ph_2_8;ph_3_8;ph_4_8;babble_p_9;ph_0_10;ph_1_10;ph_2_10;ph_3_10;ph_0_7;ph_0_11;book;toy;cup"
2026-08-22 21:56:39,27,"ph_2_0",0.786435,1,0.807692,0,4,"<SELF>;look;ph_0_0;ph_1_0;mama;ph_0_3;ph_1_3;ph_2_3;ph_4_3;ph_1_2;ph_2_2;ph_3_2;ph_4_2;babble_d_3;ph_0_4;ph_3_4;babble_o_6;babble_m_6;ph_1_6;ph_2_6;ball;ph_0_8;ph_1_8;ph_2_8;ph_3_8;ph_4_8;babble_p_9;ph_0_10;ph_1_10;ph_2_10;ph_3_10;ph_0_7;ph_0_11;book;toy;cup"
2026-08-22 21:56:39,40,"ph_3_4",0.218298,1,0.807692,0,4,"<SELF>;look;ph_0_0;ph_1_0;mama;ph_0_3;ph_1_3;ph_2_3;ph_4_3;ph_2_0;ph_1_2;ph_2_2;ph_3_2;ph_4_2;babble_d_3;ph_0_4;babble_o_6;babble_m_6;ph_1_6;ph_2_6;ball;ph_0_8;ph_1_8;ph_2_8;ph_3_8;ph_4_8;babble_p_9;ph_0_10;ph_1_10;ph_2_10;ph_3_10;ph_0_7;ph_0_11;book;toy;cup"
2026-08-22 21:56:39,56,"ph_0_10",0.341369,1,0.6875,0,4,"<SELF>;look;ph_0_0;ph_1_0;mama;ph_0_3;ph_1_3;ph_2_3;ph_4_3;ph_2_0;ph_1_2;ph_2_2;ph_3_2;ph_4_2;babble_d_3;ph_0_4;ph_3_4;babble_o_6;babble_m_6;ph_1_6;ph_2_6;ball;ph_0_8;ph_1_8;ph_2_8;ph_3_8;ph_4_8;babble_p_9;ph_1_10;ph_2_10;ph_3_10;ph_0_7;ph_0_11;book;toy;cup"
2026-08-22 21:56:39,66,"toy",0.994559,1,0.642857,0.268958,4,"<SELF>;look;ph_0_0;ph_1_0;mama;ph_0_3;ph_1_3;ph_2_3;ph_4_3;ph_2_0;ph_1_2;ph_2_2;ph_3_2;ph_4_2;babble_d_3;ph_0_4;ph_3_4;babble_o_6;babble_m_6;ph_1_6;ph_2_6;ball;ph_0_8;ph_1_8;ph_2_8;ph_3_8;ph_4_8;babble_p_9;ph_0_10;ph_1_10;ph_2_10;ph_3_10;ph_0_7;ph_0_11;book;cup"
2026-08-22 21:56:39,22,"ph_2_3",0.627188,1,0.722222,0,4,"<SELF>;look;ph_0_0;ph_1_0;mama;ph_0_3;ph_1_3;ph_4_3;ph_2_0;ph_1_2;ph_2_2;ph_3_2;ph_4_2;babble_d_3;ph_0_4;ph_3_4;babble_o_6;babble_m_6;ph_1_6;ph_2_6;ball;ph_0_8;ph_1_8;ph_2_8;ph_3_8;ph_4_8;babble_p_9;ph_0_10;ph_1_10;ph_2_10;ph_3_10;ph_0_7;ph_0_11;book;toy;cup"
2026-08-22 21:56:39,37,"ph_0_4",0.520545,1,0.722222,0,4,"<SELF>;look;ph_0_0;ph_1_0;mama;ph_0_3;ph_1_3;ph_2_3;ph_4_3;ph_2_0;ph_1_2;ph_2_2;ph_3_2;ph_4_2;babble_d_3;ph_3_4;babble_o_6;babble_m_6;ph_1_6;ph_2_6;ball;ph_0_8;ph_1_8;ph_2_8;ph_3_8;ph_4_8;babble_p_9;ph_0_10;ph_1_10;ph_2_10;ph_3_10;ph_0_7;ph_0_11;book;toy;cup"
2026-08-22 21:56:39,50,"ph_2_8",0.668822,1,0.807692,0,4,"<SELF>;look;ph_0_0;ph_1_0;mama;ph_0_3;ph_1_3;ph_2_3;ph_4_3;ph_2_0;ph_1_2;ph_2_2;ph_3_2;ph_4_2;babble_d_3;ph_0_4;ph_3_4;babble_o_6;babble_m_6;ph_1_6;ph_2_6;ball;ph_0_8;ph_1_8;ph_3_8;ph_4_8;babble_p_9;ph_0_10;ph_1_10;ph_2_10;ph_3_10;ph_0_7;ph_0_11;book;toy;cup"
2026-08-22 21:56:39,63,"ph_0_11",0.449034,1,0.75,0,4,"<SELF>;look;ph_0_0;ph_1_0;mama;ph_0_3;ph_1_3;ph_2_3;ph_4_3;ph_2_0;ph_1_2;ph_2_2;ph_3_2;ph_4_2;babble_d_3;ph_0_4;ph_3_4;babble_o_6;babble_m_6;ph_1_6;ph_2_6;ball;ph_0_8;ph_1_8;ph_2_8;ph_3_8;ph_4_8;babble_p_9;ph_0_10;ph_1_10;ph_2_10;ph_3_10;ph_0_7;book;toy;cup"
2026-08-22 21:56:39,19,"mama",1,1,0.807692,0.256211,4,"<SELF>;look;ph_0_0;ph_1_0;ph_0_3;ph_1_3;ph_2_3;ph_4_3;ph_2_0;ph_1_2;ph_2_2;ph_3_2;ph_4_2;babble_d_3;ph_0_4;ph_3_4;babble_o_6;babble_m_6;ph_1_6;ph_2_6;ball;ph_0_8;ph_1_8;ph_2_8;ph_3_8;ph_4_8;babble_p_9;ph_0_10;ph_1_10;ph_2_10;ph_3_10;ph_0_7;ph_0_11;book;toy;cup"
2026-08-22 21:56:39,31,"ph_3_2",0.382182,1,0.807692,0,4,"<SELF>;look;ph_0_0;ph_1_0;mama;ph_0_3;ph_1_3;ph_2_3;ph_4_3;ph_2_0;ph_1_2;ph_2_2;ph_4_2;babble_d_3;ph_0_4;ph_3_4;babble_o_6;babble_m_6;ph_1_6;ph_2_6;ball;ph_0_8;ph_1_8;ph_2_8;ph_3_8;ph_4_8;babble_p_9;ph_0_10;ph_1_10;ph_2_10;ph_3_10;ph_0_7;ph_0_11;book;toy;cup"
2026-08-22 21:56:39,47,"ball",1,1,0.642857,0.267506,4,"<SELF>;look;ph_0_0;ph_1_0;mama;ph_0_3;ph_1_3;ph_2_3;ph_4_3;ph_2_0;ph_1_2;ph_2_2;ph_3_2;ph_4_2;babble_d_3;ph_0_4;ph_3_4;babble_o_6;babble_m_6;ph_1_6;ph_2_6;ph_0_8;ph_1_8;ph_2_8;ph_3_8;ph_4_8;babble_p_9;ph_0_10;ph_1_10;ph_2_10;ph_3_10;ph_0_7;ph_0_11;book;toy;cup"
2026-08-22 21:56:39,60,"papa",0.0343707,2,0.722222,0,4,"<SELF>;look;ph_0_0;ph_1_0;mama;ph_0_3;ph_1_3;ph_2_3;ph_4_3;ph_2_0;ph_1_2;ph_2_2;ph_3_2;ph_4_2;babble_d_3;ph_0_4;ph_3_4;babble_o_6;babble_m_6;ph_1_6;ph_2_6;ball;ph_0_8;ph_1_8;ph_2_8;ph_3_8;ph_4_8;babble_p_9;ph_0_10;ph_1_10;ph_2_10;ph_3_10;ph_0_7;ph_0_11;book;toy;cup"
2026-08-22 21:56:39,16,"ph_0_0",0.967547,1,0.764073,0,4,"<SELF>;look;ph_1_0;mama;ph_0_3;ph_1_3;ph_2_3;ph_4_3;ph_2_0;ph_1_2;ph_2_2;ph_3_2;ph_4_2;babble_d_3;ph_0_4;ph_3_4;babble_o_6;babble_m_6;ph_1_6;ph_2_6;ball;ph_0_8;ph_1_8;ph_2_8;ph_3_8;ph_4_8;babble_p_9;ph_0_10;ph_1_10;ph_2_10;ph_3_10;ph_0_7;ph_0_11;book;toy;cup"
2026-08-22 21:56:39,28,"ph_0_2",0.0549895,1,0.722222,0,4,"<SELF>;look;ph_0_0;ph_1_0;mama;ph_0_3;ph_1_3;ph_2_3;ph_4_3;ph_2_0;ph_1_2;ph_2_2;ph_3_2;ph_4_2;babble_d_3;ph_0_4;ph_3_4;babble_o_6;babble_m_6;ph_1_6;ph_2_6;ball;ph_0_8;ph_1_8;ph_2_8;ph_3_8;ph_4_8;babble_p_9;ph_0_10;ph_1_10;ph_2_10;ph_3_10;ph_0_7;ph_0_11;book;toy;cup"
2026-08-22 21:56:39,44,"ph_0_6",0.0318073,1,0.722222,0,4,"<SELF>;look;ph_0_0;ph_1_0;mama;ph_0_3;ph_1_3;ph_2_3;ph_4_3;ph_2_0;ph_1_2;ph_2_2;ph_3_2;ph_4_2;babble_d_3;ph_0_4;ph_3_4;babble_o_6;babble_m_6;ph_1_6;ph_2_6;ball;ph_0_8;ph_1_8;ph_2_8;ph_3_8;ph_4_8;babble_p_9;ph_0_10;ph_1_10;ph_2_10;ph_3_10;ph_0_7;ph_0_11;book;toy;cup"
2026-08-22 21:56:39,57,"ph_1_10",0.963858,1,0.722222,0,4,"<SELF>;look;ph_0_0;ph_1_0;mama;ph_0_3;ph_1_3;ph_2_3;ph_4_3;ph_2_0;ph_1_2;ph_2_2;ph_3_2;ph_4_2;babble_d_3;ph_0_4;ph_3_4;babble_o_6;babble_m_6;ph_1_6;ph_2_6;ball;ph_0_8;ph_1_8;ph_2_8;ph_3_8;ph_4_8;babble_p_9;ph_0_10;ph_2_10;ph_3_10;ph_0_7;ph_0_11;book;toy;cup"
2026-08-22 21:56:39,67,"cup",1,2,0.583333,0.263648,4,"<SELF>;look;ph_0_0;ph_1_0;mama;ph_0_3;ph_1_3;ph_2_3;ph_4_3;ph_2_0;ph_1_2;ph_2_2;ph_3_2;ph_4_2;babble_d_3;ph_0_4;ph_3_4;babble_o_6;babble_m_6;ph_1_6;ph_2_6;ball;ph_0_8;ph_1_8;ph_2_8;ph_3_8;ph_4_8;babble_p_9;ph_0_10;ph_1_10;ph_2_10;ph_3_10;ph_0_7;ph_0_11;book;toy"
2026-08-22 21:56:39,22,"ph_2_3",0.627188,1,0.75,0,4,"<SELF>;look;ph_0_0;ph_1_0;mama;ph_0_3;ph_1_3;ph_4_3;ph_2_0;ph_1_2;ph_2_2;ph_3_2;ph_4_2;babble_d_3;ph_0_4;ph_3_4;babble_o_6;babble_m_6;ph_1_6;ph_2_6;ball;ph_0_8;ph_1_8;ph_2_8;ph_3_8;ph_4_8;babble_p_9;ph_0_10;ph_1_10;ph_2_10;ph_3_10;ph_0_7;ph_0_11;book;toy;cup"
2026-08-22 21:56:39,37,"ph_0_4",0.520545,1,0.75,0,4,"<SELF>;look;ph_0_0;ph_1_0;mama;ph_0_3;ph_1_3;ph_2_3;ph_4_3;ph_2_0;ph_1_2;ph_2_2;ph_3_2;ph_4_2;babble_d_3;ph_3_4;babble_o_6;babble_m_6;ph_1_6;ph_2_6;ball;ph_0_8;ph_1_8;ph_2_8;ph_3_8;ph_4_8;babble_p_9;ph_0_10;ph_1_10;ph_2_10;ph_3_10;ph_0_7;ph_0_11;book;toy;cup"
2026-08-22 21:56:39,50,"ph_2_8",0.668822,1,0.821429,0,4,"<SELF>;look;ph_0_0;ph_1_0;mama;ph_0_3;ph_1_3;ph_2_3;ph_4_3;ph_2_0;ph_1_2;ph_2_2;ph_3_2;ph_4_2;babble_d_3;ph_0_4;ph_3_4;babble_o_6;babble_m_6;ph_1_6;ph_2_6;ball;ph_0_8;ph_1_8;ph_3_8;ph_4_8;babble_p_9;ph_0_10;ph_1_10;ph_2_10;ph_3_10;ph_0_7;ph_0_11;book;toy;cup"
2026-08-22 21:56:39,63,"ph_0_11",0.449034,1,0.772727,0,4,"<SELF>;look;ph_0_0;ph_1_0;mama;ph_0_3;ph_1_3;ph_2_3;ph_4_3;ph_2_0;ph_1_2;ph_2_2;ph_3_2;ph_4_2;babble_d_3;ph_0_4;ph_3_4;babble_o_6;babble_m_6;ph_1_6;ph_2_6;ball;ph_0_8;ph_1_8;ph_2_8;ph_3_8;ph_4_8;babble_p_9;ph_0_10;ph_1_10;ph_2_10;ph_3_10;ph_0_7;book;toy;cup"
2026-08-22 21:56:39,18,"ba",0,1,0.74664,0,4,"<SELF>;look;ph_0_0;ph_1_0;mama;ph_0_3;ph_1_3;ph_2_3;ph_4_3;ph_2_0;ph_1_2;ph_2_2;ph_3_2;ph_4_2;babble_d_3;ph_0_4;ph_3_4;babble_o_6;babble_m_6;ph_1_6;ph_2_6;ball;ph_0_8;ph_1_8;ph_2_8;ph_3_8;ph_4_8;babble_p_9;ph_0_10;ph_1_10;ph_2_10;ph_3_10;ph_0_7;ph_0_11;book;toy;cup"
2026-08-22 21:56:39,30,"ph_2_2",0.745486,1,0.722222,0,4,"<SELF>;look;ph_0_0;ph_1_0;mama;ph_0_3;ph_1_3;ph_2_3;ph_4_3;ph_2_0;ph_1_2;ph_3_2;ph_4_2;babble_d_3;ph_0_4;ph_3_4;babble_o_6;babble_m_6;ph_1_6;ph_2_6;ball;ph_0_8;ph_1_8;ph_2_8;ph_3_8;ph_4_8;babble_p_9;ph_0_10;ph_1_10;ph_2_10;ph_3_10;ph_0_7;ph_0_11;book;toy;cup"
2026-08-22 21:56:39,46,"ph_2_6",0.892988,1,0.722222,0,4,"<SELF>;look;ph_0_0;ph_1_0;mama;ph_0_3;ph_1_3;ph_2_3;ph_4_3;ph_2_0;ph_1_2;ph_2_2;ph_3_2;ph_4_2;babble_d_3;ph_0_4;ph_3_4;babble_o_6;babble_m_6;ph_1_6;ball;ph_0_8;ph_1_8;ph_2_8;ph_3_8;ph_4_8;babble_p_9;ph_0_10;ph_1_10;ph_2_10;ph_3_10;ph_0_7;ph_0_11;book;toy;cup"
2026-08-22 21:56:39,59,"ph_3_10",0.371964,1,0.722222,0,4,"<SELF>;look;ph_0_0;ph_1_0;mama;ph_0_3;ph_1_3;ph_2_3;ph_4_3;ph_2_0;ph_1_2;ph_2_2;ph_3_2;ph_4_2;babble_d_3;ph_0_4;ph_3_4;babble_o_6;babble_m_6;ph_1_6;ph_2_6;ball;ph_0_8;ph_1_8;ph_2_8;ph_3_8;ph_4_8;babble_p_9;ph_0_10;ph_1_10;ph_2_10;ph_0_7;ph_0_11;book;toy;cup"
2026-08-22 21:56:39,69,"help",0.0376016,1,0.583333,0,4,"<SELF>;look;ph_0_0;ph_1_0;mama;ph_0_3;ph_1_3;ph_2_3;ph_4_3;ph_2_0;ph_1_2;ph_2_2;ph_3_2;ph_4_2;babble_d_3;ph_0_4;ph_3_4;babble_o_6;babble_m_6;ph_1_6;ph_2_6;ball;ph_0_8;ph_1_8;ph_2_8;ph_3_8;ph_4_8;babble_p_9;ph_0_10;ph_1_10;ph_2_10;ph_3_10;ph_0_7;ph_0_11;book;toy;cup"
2026-08-22 21:56:39,24,"ph_4_3",0.283232,1,0.68047,0,4,"<SELF>;look;ph_0_0;ph_1_0;mama;ph_0_3;ph_1_3;ph_2_3;ph_2_0;ph_1_2;ph_2_2;ph_3_2;ph_4_2;babble_d_3;ph_0_4;ph_3_4;babble_o_6;babble_m_6;ph_1_6;ph_2_6;ball;ph_0_8;ph_1_8;ph_2_8;ph_3_8;ph_4_8;babble_p_9;ph_0_10;ph_1_10;ph_2_10;ph_3_10;ph_0_7;ph_0_11;book;toy;cup"
2026-08-22 21:56:39,39,"ph_2_4",0.0248123,1,0.642857,0,4,"<SELF>;look;ph_0_0;ph_1_0;mama;ph_0_3;ph_1_3;ph_2_3;ph_4_3;ph_2_0;ph_1_2;ph_2_2;ph_3_2;ph_4_2;babble_d_3;ph_0_4;ph_3_4;babble_o_6;babble_m_6;ph_1_6;ph_2_6;ball;ph_0_8;ph_1_8;ph_2_8;ph_3_8;ph_4_8;babble_p_9;ph_0_10;ph_1_10;ph_2_10;ph_3_10;ph_0_7;ph_0_11;book;toy;cup"
2026-08-22 21:56:39,52,"ph_4_8",0.481015,1,0.722222,0,4,"<SELF>;look;ph_0_0;ph_1_0;mama;ph_0_3;ph_1_3;ph_2_3;ph_4_3;ph_2_0;ph_1_2;ph_2_2;ph_3_2;ph_4_2;babble_d_3;ph_0_4;ph_3_4;babble_o_6;babble_m_6;ph_1_6;ph_2_6;ball;ph_0_8;ph_1_8;ph_2_8;ph_3_8;babble_p_9;ph_0_10;ph_1_10;ph_2_10;ph_3_10;ph_0_7;ph_0_11;book;toy;cup"
2026-08-22 21:56:39,65,"book",1,3,0.583333,0.263057,4,"<SELF>;look;ph_0_0;ph_1_0;mama;ph_0_3;ph_1_3;ph_2_3;ph_4_3;ph_2_0;ph_1_2;ph_2_2;ph_3_2;ph_4_2;babble_d_3;ph_0_4;ph_3_4;babble_o_6;babble_m_6;ph_1_6;ph_2_6;ball;ph_0_8;ph_1_8;ph_2_8;ph_3_8;ph_4_8;babble_p_9;ph_0_10;ph_1_10;ph_2_10;ph_3_10;ph_0_7;ph_0_11;toy;cup"
2026-08-22 21:56:39,20,"ph_0_3",0.210228,1,0.6875,0,4,"<SELF>;look;ph_0_0;ph_1_0;mama;ph_1_3;ph_2_3;ph_4_3;ph_2_0;ph_1_2;ph_2_2;ph_3_2;ph_4_2;babble_d_3;ph_0_4;ph_3_4;babble_o_6;babble_m_6;ph_1_6;ph_2_6;ball;ph_0_8;ph_1_8;ph_2_8;ph_3_8;ph_4_8;babble_p_9;ph_0_10;ph_1_10;ph_2_10;ph_3_10;ph_0_7;ph_0_11;book;toy;cup"
2026-08-22 21:56:39,32,"ph_4_2",0.684687,1,0.6875,0,4,"<SELF>;look;ph_0_0;ph_1_0;mama;ph_0_3;ph_1_3;ph_2_3;ph_4_3;ph_2_0;ph_1_2;ph_2_2;ph_3_2;babble_d_3;ph_0_4;ph_3_4;babble_o_6;babble_m_6;ph_1_6;ph_2_6;ball;ph_0_8;ph_1_8;ph_2_8;ph_3_8;ph_4_8;babble_p_9;ph_0_10;ph_1_10;ph_2_10;ph_3_10;ph_0_7;ph_0_11;book;toy;cup"
2026-08-22 21:56:39,48,"ph_0_8",0.838884,1,0.791667,0,4,"<SELF>;look;ph_0_0;ph_1_0;mama;ph_0_3;ph_1_3;ph_2_3;ph_4_3;ph_2_0;ph_1_2;ph_2_2;ph_3_2;ph_4_2;babble_d_3;ph_0_4;ph_3_4;babble_o_6;babble_m_6;ph_1_6;ph_2_6;ball;ph_1_8;ph_2_8;ph_3_8;ph_4_8;babble_p_9;ph_0_10;ph_1_10;ph_2_10;ph_3_10;ph_0_7;ph_0_11;book;toy;cup"
2026-08-22 21:56:39,61,"ph_0_7",0.748234,1,0.722222,0,4,"<SELF>;look;ph_0_0;ph_1_0;mama;ph_0_3;ph_1_3;ph_2_3;ph_4_3;ph_2_0;ph_1_2;ph_2_2;ph_3_2;ph_4_2;babble_d_3;ph_0_4;ph_3_4;babble_o_6;babble_m_6;ph_1_6;ph_2_6;ball;ph_0_8;ph_1_8;ph_2_8;ph_3_8;ph_4_8;babble_p_9;ph_0_10;ph_1_10;ph_2_10;ph_3_10;ph_0_11;book;toy;cup"
2026-08-22 21:56:39,16,"ph_0_0",0.967547,1,0.784063,0,4,"<SELF>;look;ph_1_0;mama;ph_0_3;ph_1_3;ph_2_3;ph_4_3;ph_2_0;ph_1_2;ph_2_2;ph_3_2;ph_4_2;babble_d_3;ph_0_4;ph_3_4;babble_o_6;babble_m_6;ph_1_6;ph_2_6;ball;ph_0_8;ph_1_8;ph_2_8;ph_3_8;ph_4_8;babble_p_9;ph_0_10;ph_1_10;ph_2_10;ph_3_10;ph_0_7;ph_0_11;book;toy;cup"
2026-08-22 21:56:39,28,"ph_0_2",0.0549895,1,0.75,0,4,"<SELF>;look;ph_0_0;ph_1_0;mama;ph_0_3;ph_1_3;ph_2_3;ph_4_3;ph_2_0;ph_1_2;ph_2_2;ph_3_2;ph_4_2;babble_d_3;ph_0_4;ph_3_4;babble_o_6;babble_m_6;ph_1_6;ph_2_6;ball;ph_0_8;ph_1_8;ph_2_8;ph_3_8;ph_4_8;babble_p_9;ph_0_10;ph_1_10;ph_2_10;ph_3_10;ph_0_7;ph_0_11;book;toy;cup"
2026-08-22 21:56:39,44,"ph_0_6",0.0318073,1,0.75,0,4,"<SELF>;look;ph_0_0;ph_1_0;mama;ph_0_3;ph_1_3;ph_2_3;ph_4_3;ph_2_0;ph_1_2;ph_2_2;ph_3_2;ph_4_2;babble_d_3;ph_0_4;ph_3_4;babble_o_6;babble_m_6;ph_1_6;ph_2_6;ball;ph_0_8;ph_1_8;ph_2_8;ph_3_8;ph_4_8;babble_p_9;ph_0_10;ph_1_10;ph_2_10;ph_3_10;ph_0_7;ph_0_11;book;toy;cup"
2026-08-22 21:56:39,57,"ph_1_10",0.963858,1,0.75,0,4,"<SELF>;look;ph_0_0;ph_1_0;mama;ph_0_3;ph_1_3;ph_2_3;ph_4_3;ph_2_0;ph_1_2;ph_2_2;ph_3_2;ph_4_2;babble_d_3;ph_0_4;ph_3_4;babble_o_6;babble_m_6;ph_1_6;ph_2_6;ball;ph_0_8;ph_1_8;ph_2_8;ph_3_8;ph_4_8;babble_p_9;ph_0_10;ph_2_10;ph_3_10;ph_0_7;ph_0_11;book;toy;cup"
2026-08-22 21:56:39,67,"cup",1,2,0.642857,0.263648,4,"<SELF>;look;ph_0_0;ph_1_0;mama;ph_0_3;ph_1_3;ph_2_3;ph_4_3;ph_2_0;ph_1_2;ph_2_2;ph_3_2;ph_4_2;babble_d_3;ph_0_4;ph_3_4;babble_o_6;babble_m_6;ph_1_6;ph_2_6;ball;ph_0_8;ph_1_8;ph_2_8;ph_3_8;ph_4_8;babble_p_9;ph_0_10;ph_1_10;ph_2_10;ph_3_10;ph_0_7;ph_0_11;book;toy"
2026-08-22 21:56:39,22,"ph_2_3",0.627188,1,0.772727,0,4,"<SELF>;look;ph_0_0;ph_1_0;mama;ph_0_3;ph_1_3;ph_4_3;ph_2_0;ph_1_2;ph_2_2;ph_3_2;ph_4_2;babble_d_3;ph_0_4;ph_3_4;babble_o_6;babble_m_6;ph_1_6;ph_2_6;ball;ph_0_8;ph_1_8;ph_2_8;ph_3_8;ph_4_8;babble_p_9;ph_0_10;ph_1_10;ph_2_10;ph_3_10;ph_0_7;ph_0_11;book;toy;cup"
2026-08-22 21:56:39,37,"ph_0_4",0.520545,1,0.772727,0,4,"<SELF>;look;ph_0_0;ph_1_0;mama;ph_0_3;ph_1_3;ph_2_3;ph_4_3;ph_2_0;ph_1_2;ph_2_2;ph_3_2;ph_4_2;babble_d_3;ph_3_4;babble_o_6;babble_m_6;ph_1_6;ph_2_6;ball;ph_0_8;ph_1_8;ph_2_8;ph_3_8;ph_4_8;babble_p_9;ph_0_10;ph_1_10;ph_2_10;ph_3_10;ph_0_7;ph_0_11;book;toy;cup"
2026-08-22 21:56:39,50,"ph_2_8",0.668822,1,0.833333,0,4,"<SELF>;look;ph_0_0;ph_1_0;mama;ph_0_3;ph_1_3;ph_2_3;ph_4_3;ph_2_0;ph_1_2;ph_2_2;ph_3_2;ph_4_2;babble_d_3;ph_0_4;ph_3_4;babble_o_6;babble_m_6;ph_1_6;ph_2_6;ball;ph_0_8;ph_1_8;ph_3_8;ph_4_8;babble_p_9;ph_0_10;ph_1_10;ph_2_10;ph_3_10;ph_0_7;ph_0_11;book;toy;cup"
2026-08-22 21:56:39,63,"ph_0_11",0.449034,1,0.791667,0,4,"<SELF>;look;ph_0_0;ph_1_0;mama;ph_0_3;ph_1_3;ph_2_3;ph_4_3;ph_2_0;ph_1_2;ph_2_2;ph_3_2;ph_4_2;babble_d_3;ph_0_4;ph_3_4;babble_o_6;babble_m_6;ph_1_6;ph_2_6;ball;ph_0_8;ph_1_8;ph_2_8;ph_3_8;ph_4_8;babble_p_9;ph_0_10;ph_1_10;ph_2_10;ph_3_10;ph_0_7;book;toy;cup"
2026-08-22 21:56:39,18,"ba",0,1,0.769811,0,4,"<SELF>;look;ph_0_0;ph_1_0;mama;ph_0_3;ph_1_3;ph_2_3;ph_4_3;ph_2_0;ph_1_2;ph_2_2;ph_3_2;ph_4_2;babble_d_3;ph_0_4;ph_3_4;babble_o_6;babble_m_6;ph_1_6;ph_2_6;ball;ph_0_8;ph_1_8;ph_2_8;ph_3_8;ph_4_8;babble_p_9;ph_0_10;ph_1_10;ph_2_10;ph_3_10;ph_0_7;ph_0_11;book;toy;cup"
2026-08-22 21:56:39,30,"ph_2_2",0.745486,1,0.75,0,4,"<SELF>;look;ph_0_0;ph_1_0;mama;ph_0_3;ph_1_3;ph_2_3;ph_4_3;ph_2_0;ph_1_2;ph_3_2;ph_4_2;babble_d_3;ph_0_4;ph_3_4;babble_o_6;babble_m_6;ph_1_6;ph_2_6;ball;ph_0_8;ph_1_8;ph_2_8;ph_3_8;ph_4_8;babble_p_9;ph_0_10;ph_1_10;ph_2_10;ph_3_10;ph_0_7;ph_0_11;book;toy;cup"
2026-08-22 21:56:39,46,"ph_2_6",0.892988,1,0.75,0,4,"<SELF>;look;ph_0_0;ph_1_0;mama;ph_0_3;ph_1_3;ph_2_3;ph_4_3;ph_2_0;ph_1_2;ph_2_2;ph_3_2;ph_4_2;babble_d_3;ph_0_4;ph_3_4;babble_o_6;babble_m_6;ph_1_6;ball;ph_0_8;ph_1_8;ph_2_8;ph_3_8;ph_4_8;babble_p_9;ph_0_10;ph_1_10;ph_2_10;ph_3_10;ph_0_7;ph_0_11;book;toy;cup"
2026-08-22 21:56:39,59,"ph_3_10",0.371964,1,0.75,0,4,"<SELF>;look;ph_0_0;ph_1_0;mama;ph_0_3;ph_1_3;ph_2_3;ph_4_3;ph_2_0;ph_1_2;ph_2_2;ph_3_2;ph_4_2;babble_d_3;ph_0_4;ph_3_4;babble_o_6;babble_m_6;ph_1_6;ph_2_6;ball;ph_0_8;ph_1_8;ph_2_8;ph_3_8;ph_4_8;babble_p_9;ph_0_10;ph_1_10;ph_2_10;ph_0_7;ph_0_11;book;toy;cup"
2026-08-22 21:56:39,69,"help",0.0376016,1,0.642857,0,4,"<SELF>;look;ph_0_0;ph_1_0;mama;ph_0_3;ph_1_3;ph_2_3;ph_4_3;ph_2_0;ph_1_2;ph_2_2;ph_3_2;ph_4_2;babble_d_3;ph_0_4;ph_3_4;babble_o_6;babble_m_6;ph_1_6;ph_2_6;ball;ph_0_8;ph_1_8;ph_2_8;ph_3_8;ph_4_8;babble_p_9;ph_0_10;ph_1_10;ph_2_10;ph_3_10;ph_0_7;ph_0_11;book;toy;cup"
2026-08-22 21:56:39,24,"ph_4_3",0.283232,1,0.716291,0,4,"<SELF>;look;ph_0_0;ph_1_0;mama;ph_0_3;ph_1_3;ph_2_3;ph_2_0;ph_1_2;ph_2_2;ph_3_2;ph_4_2;babble_d_3;ph_0_4;ph_3_4;babble_o_6;babble_m_6;ph_1_6;ph_2_6;ball;ph_0_8;ph_1_8;ph_2_8;ph_3_8;ph_4_8;babble_p_9;ph_0_10;ph_1_10;ph_2_10;ph_3_10;ph_0_7;ph_0_11;book;toy;cup"
2026-08-22 21:56:39,39,"ph_2_4",0.0248123,1,0.6875,0,4,"<SELF>;look;ph_0_0;ph_1_0;mama;ph_0_3;ph_1_3;ph_2_3;ph_4_3;ph_2_0;ph_1_2;ph_2_2;ph_3_2;ph_4_2;babble_d_3;ph_0_4;ph_3_4;babble_o_6;babble_m_6;ph_1_6;ph_2_6;ball;ph_0_8;ph_1_8;ph_2_8;ph_3_8;ph_4_8;babble_p_9;ph_0_10;ph_1_10;ph_2_10;ph_3_10;ph_0_7;ph_0_11;book;toy;cup"
2026-08-22 21:56:39,52,"ph_4_8",0.481015,1,0.75,0,4,"<SELF>;look;ph_0_0;ph_1_0;mama;ph_0_3;ph_1_3;ph_2_3;ph_4_3;ph_2_0;ph_1_2;ph_2_2;ph_3_2;ph_4_2;babble_d_3;ph_0_4;ph_3_4;babble_o_6;babble_m_6;ph_1_6;ph_2_6;ball;ph_0_8;ph_1_8;ph_2_8;ph_3_8;babble_p_9;ph_0_10;ph_1_10;ph_2_10;ph_3_10;ph_0_7;ph_0_11;book;toy;cup"
2026-08-22 21:56:39,65,"book",1,3,0.642857,0.263057,4,"<SELF>;look;ph_0_0;ph_1_0;mama;ph_0_3;ph_1_3;ph_2_3;ph_4_3;ph_2_0;ph_1_2;ph_2_2;ph_3_2;ph_4_2;babble_d_3;ph_0_4;ph_3_4;babble_o_6;babble_m_6;ph_1_6;ph_2_6;ball;ph_0_8;ph_1_8;ph_2_8;ph_3_8;ph_4_8;babble_p_9;ph_0_10;ph_1_10;ph_2_10;ph_3_10;ph_0_7;ph_0_11;toy;cup"
2026-08-22 21:56:39,20,"ph_0_3",0.210228,1,0.722222,0,4,"<SELF>;look;ph_0_0;ph_1_0;mama;ph_1_3;ph_2_3;ph_4_3;ph_2_0;ph_1_2;ph_2_2;ph_3_2;ph_4_2;babble_d_3;ph_0_4;ph_3_4;babble_o_6;babble_m_6;ph_1_6;ph_2_6;ball;ph_0_8;ph_1_8;ph_2_8;ph_3_8;ph_4_8;babble_p_9;ph_0_10;ph_1_10;ph_2_10;ph_3_10;ph_0_7;ph_0_11;book;toy;cup"
2026-08-22 21:56:39,32,"ph_4_2",0.684687,1,0.722222,0,4,"<SELF>;look;ph_0_0;ph_1_0;mama;ph_0_3;ph_1_3;ph_2_3;ph_4_3;ph_2_0;ph_1_2;ph_2_2;ph_3_2;babble_d_3;ph_0_4;ph_3_4;babble_o_6;babble_m_6;ph_1_6;ph_2_6;ball;ph_0_8;ph_1_8;ph_2_8;ph_3_8;ph_4_8;babble_p_9;ph_0_10;ph_1_10;ph_2_10;ph_3_10;ph_0_7;ph_0_11;book;toy;cup"
2026-08-22 21:56:39,48,"ph_0_8",0.838884,1,0.807692,0,4,"<SELF>;look;ph_0_0;ph_1_0;mama;ph_0_3;ph_1_3;ph_2_3;ph_4_3;ph_2_0;ph_1_2;ph_2_2;ph_3_2;ph_4_2;babble_d_3;ph_0_4;ph_3_4;babble_o_6;babble_m_6;ph_1_6;ph_2_6;ball;ph_1_8;ph_2_8;ph_3_8;ph_4_8;babble_p_9;ph_0_10;ph_1_10;ph_2_10;ph_3_10;ph_0_7;ph_0_11;book;toy;cup"
2026-08-22 21:56:39,61,"ph_0_7",0.748234,1,0.75,0,4,"<SELF>;look;ph_0_0;ph_1_0;mama;ph_0_3;ph_1_3;ph_2_3;ph_4_3;ph_2_0;ph_1_2;ph_2_2;ph_3_2;ph_4_2;babble_d_3;ph_0_4;ph_3_4;babble_o_6;babble_m_6;ph_1_6;ph_2_6;ball;ph_0_8;ph_1_8;ph_2_8;ph_3_8;ph_4_8;babble_p_9;ph_0_10;ph_1_10;ph_2_10;ph_3_10;ph_0_11;book;toy;cup"
2026-08-22 21:56:39,16,"ph_0_0",0.967547,1,0.800917,0,4,"<SELF>;look;ph_1_0;mama;ph_0_3;ph_1_3;ph_2_3;ph_4_3;ph_2_0;ph_1_2;ph_2_2;ph_3_2;ph_4_2;babble_d_3;ph_0_4;ph_3_4;babble_o_6;babble_m_6;ph_1_6;ph_2_6;ball;ph_0_8;ph_1_8;ph_2_8;ph_3_8;ph_4_8;babble_p_9;ph_0_10;ph_1_10;ph_2_10;ph_3_10;ph_0_7;ph_0_11;book;toy;cup"
2026-08-22 21:56:39,28,"ph_0_2",0.0549895,1,0.772727,0,4,"<SELF>;look;ph_0_0;ph_1_0;mama;ph_0_3;ph_1_3;ph_2_3;ph_4_3;ph_2_0;ph_1_2;ph_2_2;ph_3_2;ph_4_2;babble_d_3;ph_0_4;ph_3_4;babble_o_6;babble_m_6;ph_1_6;ph_2_6;ball;ph_0_8;ph_1_8;ph_2_8;ph_3_8;ph_4_8;babble_p_9;ph_0_10;ph_1_10;ph_2_10;ph_3_10;ph_0_7;ph_0_11;book;toy;cup"
2026-08-22 21:56:39,44,"ph_0_6",0.0318073,1,0.772727,0,4,"<SELF>;look;ph_0_0;ph_1_0;mama;ph_0_3;ph_1_3;ph_2_3;ph_4_3;ph_2_0;ph_1_2;ph_2_2;ph_3_2;ph_4_2;babble_d_3;ph_0_4;ph_3_4;babble_o_6;babble_m_6;ph_1_6;ph_2_6;ball;ph_0_8;ph_1_8;ph_2_8;ph_3_8;ph_4_8;babble_p_9;ph_0_10;ph_1_10;ph_2_10;ph_3_10;ph_0_7;ph_0_11;book;toy;cup"
2026-08-22 21:56:39,57,"ph_1_10",0.963858,1,0.772727,0,4,"<SELF>;look;ph_0_0;ph_1_0;mama;ph_0_3;ph_1_3;ph_2_3;ph_4_3;ph_2_0;ph_1_2;ph_2_2;ph_3_2;ph_4_2;babble_d_3;ph_0_4;ph_3_4;babble_o_6;babble_m_6;ph_1_6;ph_2_6;ball;ph_0_8;ph_1_8;ph_2_8;ph_3_8;ph_4_8;babble_p_9;ph_0_10;ph_2_10;ph_3_10;ph_0_7;ph_0_11;book;toy;cup"
2026-08-22 21:56:39,67,"cup",1,2,0.6875,0.263648,4,"<SELF>;look;ph_0_0;ph_1_0;mama;ph_0_3;ph_1_3;ph_2_3;ph_4_3;ph_2_0;ph_1_2;ph_2_2;ph_3_2;ph_4_2;babble_d_3;ph_0_4;ph_3_4;babble_o_6;babble_m_6;ph_1_6;ph_2_6;ball;ph_0_8;ph_1_8;ph_2_8;ph_3_8;ph_4_8;babble_p_9;ph_0_10;ph_1_10;ph_2_10;ph_3_10;ph_0_7;ph_0_11;book;toy"
2026-08-22 21:56:39,22,"ph_2_3",0.627188,1,0.791667,0,4,"<SELF>;look;ph_0_0;ph_1_0;mama;ph_0_3;ph_1_3;ph_4_3;ph_2_0;ph_1_2;ph_2_2;ph_3_2;ph_4_2;babble_d_3;ph_0_4;ph_3_4;babble_o_6;babble_m_6;ph_1_6;ph_2_6;ball;ph_0_8;ph_1_8;ph_2_8;ph_3_8;ph_4_8;babble_p_9;ph_0_10;ph_1_10;ph_2_10;ph_3_10;ph_0_7;ph_0_11;book;toy;cup"
2026-08-22 21:56:39,37,"ph_0_4",0.520545,1,0.791667,0,4,"<SELF>;look;ph_0_0;ph_1_0;mama;ph_0_3;ph_1_3;ph_2_3;ph_4_3;ph_2_0;ph_1_2;ph_2_2;ph_3_2;ph_4_2;babble_d_3;ph_3_4;babble_o_6;babble_m_6;ph_1_6;ph_2_6;ball;ph_0_8;ph_1_8;ph_2_8;ph_3_8;ph_4_8;babble_p_9;ph_0_10;ph_1_10;ph_2_10;ph_3_10;ph_0_7;ph_0_11;book;toy;cup"
2026-08-22 21:56:39,50,"ph_2_8",0.668822,1,0.84375,0,4,"<SELF>;look;ph_0_0;ph_1_0;mama;ph_0_3;ph_1_3;ph_2_3;ph_4_3;ph_2_0;ph_1_2;ph_2_2;ph_3_2;ph_4_2;babble_d_3;ph_0_4;ph_3_4;babble_o_6;babble_m_6;ph_1_6;ph_2_6;ball;ph_0_8;ph_1_8;ph_3_8;ph_4_8;babble_p_9;ph_0_10;ph_1_10;ph_2_10;ph_3_10;ph_0_7;ph_0_11;book;toy;cup"
2026-08-22 21:56:39,63,"ph_0_11",0.449034,1,0.807692,0,4,"<SELF>;look;ph_0_0;ph_1_0;mama;ph_0_3;ph_1_3;ph_2_3;ph_4_3;ph_2_0;ph_1_2;ph_2_2;ph_3_2;ph_4_2;babble_d_3;ph_0_4;ph_3_4;babble_o_6;babble_m_6;ph_1_6;ph_2_6;ball;ph_0_8;ph_1_8;ph_2_8;ph_3_8;ph_4_8;babble_p_9;ph_0_10;ph_1_10;ph_2_10;ph_3_10;ph_0_7;book;toy;cup"
2026-08-22 21:56:39,18,"ba",0,1,0.789096,0,4,"<SELF>;look;ph_0_0;ph_1_0;mama;ph_0_3;ph_1_3;ph_2_3;ph_4_3;ph_2_0;ph_1_2;ph_2_2;ph_3_2;ph_4_2;babble_d_3;ph_0_4;ph_3_4;babble_o_6;babble_m_6;ph_1_6;ph_2_6;ball;ph_0_8;ph_1_8;ph_2_8;ph_3_8;ph_4_8;babble_p_9;ph_0_10;ph_1_10;ph_2_10;ph_3_10;ph_0_7;ph_0_11;book;toy;cup"
2026-08-22 21:56:39,30,"ph_2_2",0.745486,1,0.772727,0,4,"<SELF>;look;ph_0_0;ph_1_0;mama;ph_0_3;ph_1_3;ph_2_3;ph_4_3;ph_2_0;ph_1_2;ph_3_2;ph_4_2;babble_d_3;ph_0_4;ph_3_4;babble_o_6;babble_m_6;ph_1_6;ph_2_6;ball;ph_0_8;ph_1_8;ph_2_8;ph_3_8;ph_4_8;babble_p_9;ph_0_10;ph_1_10;ph_2_10;ph_3_10;ph_0_7;ph_0_11;book;toy;cup"
2026-08-22 21:56:39,46,"ph_2_6",0.892988,1,0.772727,0,4,"<SELF>;look;ph_0_0;ph_1_0;mama;ph_0_3;ph_1_3;ph_2_3;ph_4_3;ph_2_0;ph_1_2;ph_2_2;ph_3_2;ph_4_2;babble_d_3;ph_0_4;ph_3_4;babble_o_6;babble_m_6;ph_1_6;ball;ph_0_8;ph_1_8;ph_2_8;ph_3_8;ph_4_8;babble_p_9;ph_0_10;ph_1_10;ph_2_10;ph_3_10;ph_0_7;ph_0_11;book;toy;cup"
2026-08-22 21:56:39,59,"ph_3_10",0.371964,1,0.772727,0,4,"<SELF>;look;ph_0_0;ph_1_0;mama;ph_0_3;ph_1_3;ph_2_3;ph_4_3;ph_2_0;ph_1_2;ph_2_2;ph_3_2;ph_4_2;babble_d_3;ph_0_4;ph_3_4;babble_o_6;babble_m_6;ph_1_6;ph_2_6;ball;ph_0_8;ph_1_8;ph_2_8;ph_3_8;ph_4_8;babble_p_9;ph_0_10;ph_1_10;ph_2_10;ph_0_7;ph_0_11;book;toy;cup"
2026-08-22 21:56:39,69,"help",0.0376016,1,0.6875,0,4,"<SELF>;look;ph_0_0;ph_1_0;mama;ph_0_3;ph_1_3;ph_2_3;ph_4_3;ph_2_0;ph_1_2;ph_2_2;ph_3_2;ph_4_2;babble_d_3;ph_0_4;ph_3_4;babble_o_6;babble_m_6;ph_1_6;ph_2_6;ball;ph_0_8;ph_1_8;ph_2_8;ph_3_8;ph_4_8;babble_p_9;ph_0_10;ph_1_10;ph_2_10;ph_3_10;ph_0_7;ph_0_11;book;toy;cup"
2026-08-22 21:56:39,24,"ph_4_3",0.283232,1,0.744939,0,4,"<SELF>;look;ph_0_0;ph_1_0;mama;ph_0_3;ph_1_3;ph_2_3;ph_2_0;ph_1_2;ph_2_2;ph_3_2;ph_4_2;babble_d_3;ph_0_4;ph_3_4;babble_o_6;babble_m_6;ph_1_6;ph_2_6;ball;ph_0_8;ph_1_8;ph_2_8;ph_3_8;ph_4_8;babble_p_9;ph_0_10;ph_1_10;ph_2_10;ph_3_10;ph_0_7;ph_0_11;book;toy;cup"
2026-08-22 21:56:39,39,"ph_2_4",0.0248123,1,0.722222,0,4,"<SELF>;look;ph_0_0;ph_1_0;mama;ph_0_3;ph_1_3;ph_2_3;ph_4_3;ph_2_0;ph_1_2;ph_2_2;ph_3_2;ph_4_2;babble_d_3;ph_0_4;ph_3_4;babble_o_6;babble_m_6;ph_1_6;ph_2_6;ball;ph_0_8;ph_1_8;ph_2_8;ph_3_8;ph_4_8;babble_p_9;ph_0_10;ph_1_10;ph_2_10;ph_3_10;ph_0_7;ph_0_11;book;toy;cup"
2026-08-22 21:56:39,52,"ph_4_8",0.481015,1,0.772727,0,4,"<SELF>;look;ph_0_0;ph_1_0;mama;ph_0_3;ph_1_3;ph_2_3;ph_4_3;ph_2_0;ph_1_2;ph_2_2;ph_3_2;ph_4_2;babble_d_3;ph_0_4;ph_3_4;babble_o_6;babble_m_6;ph_1_6;ph_2_6;ball;ph_0_8;ph_1_8;ph_2_8;ph_3_8;babble_p_9;ph_0_10;ph_1_10;ph_2_10;ph_3_10;ph_0_7;ph_0_11;book;toy;cup"
2026-08-22 21:56:39,65,"book",1,3,0.6875,0.263057,4,"<SELF>;look;ph_0_0;ph_1_0;mama;ph_0_3;ph_1_3;ph_2_3;ph_4_3;ph_2_0;ph_1_2;ph_2_2;ph_3_2;ph_4_2;babble_d_3;ph_0_4;ph_3_4;babble_o_6;babble_m_6;ph_1_6;ph_2_6;ball;ph_0_8;ph_1_8;ph_2_8;ph_3_8;ph_4_8;babble_p_9;ph_0_10;ph_1_10;ph_2_10;ph_3_10;ph_0_7;ph_0_11;toy;cup"
2026-08-22 21:56:39,20,"ph_0_3",0.210228,1,0.75,0,4,"<SELF>;look;ph_0_0;ph_1_0;mama;ph_1_3;ph_2_3;ph_4_3;ph_2_0;ph_1_2;ph_2_2;ph_3_2;ph_4_2;babble_d_3;ph_0_4;ph_3_4;babble_o_6;babble_m_6;ph_1_6;ph_2_6;ball;ph_0_8;ph_1_8;ph_2_8;ph_3_8;ph_4_8;babble_p_9;ph_0_10;ph_1_10;ph_2_10;ph_3_10;ph_0_7;ph_0_11;book;toy;cup"
2026-08-22 21:56:39,32,"ph_4_2",0.684687,1,0.75,0,4,"<SELF>;look;ph_0_0;ph_1_0;mama;ph_0_3;ph_1_3;ph_2_3;ph_4_3;ph_2_0;ph_1_2;ph_2_2;ph_3_2;babble_d_3;ph_0_4;ph_3_4;babble_o_6;babble_m_6;ph_1_6;ph_2_6;ball;ph_0_8;ph_1_8;ph_2_8;ph_3_8;ph_4_8;babble_p_9;ph_0_10;ph_1_10;ph_2_10;ph_3_10;ph_0_7;ph_0_11;book;toy;cup"
2026-08-22 21:56:39,48,"ph_0_8",0.838884,1,0.821429,0,4,"<SELF>;look;ph_0_0;ph_1_0;mama;ph_0_3;ph_1_3;ph_2_3;ph_4_3;ph_2_0;ph_1_2;ph_2_2;ph_3_2;ph_4_2;babble_d_3;ph_0_4;ph_3_4;babble_o_6;babble_m_6;ph_1_6;ph_2_6;ball;ph_1_8;ph_2_8;ph_3_8;ph_4_8;babble_p_9;ph_0_10;ph_1_10;ph_2_10;ph_3_10;ph_0_7;ph_0_11;book;toy;cup"
2026-08-22 21:56:39,61,"ph_0_7",0.748234,1,0.772727,0,4,"<SELF>;look;ph_0_0;ph_1_0;mama;ph_0_3;ph_1_3;ph_2_3;ph_4_3;ph_2_0;ph_1_2;ph_2_2;ph_3_2;ph_4_2;babble_d_3;ph_0_4;ph_3_4;babble_o_6;babble_m_6;ph_1_6;ph_2_6;ball;ph_0_8;ph_1_8;ph_2_8;ph_3_8;ph_4_8;babble_p_9;ph_0_10;ph_1_10;ph_2_10;ph_3_10;ph_0_11;book;toy;cup"
2026-08-22 21:56:39,16,"ph_0_0",0.967547,1,0.815322,0,5,"<SELF>;look;ph_1_0;mama;ph_0_3;ph_1_3;ph_2_3;ph_4_3;ph_2_0;ph_1_2;ph_2_2;ph_3_2;ph_4_2;babble_d_3;ph_0_4;ph_3_4;babble_o_6;babble_m_6;ph_1_6;ph_2_6;ball;ph_0_8;ph_1_8;ph_2_8;ph_3_8;ph_4_8;babble_p_9;ph_0_10;ph_1_10;ph_2_10;ph_3_10;ph_0_7;ph_0_11;book;toy;cup"
2026-08-22 21:56:39,28,"ph_0_2",0.0549895,1,0.791667,0,5,"<SELF>;look;ph_0_0;ph_1_0;mama;ph_0_3;ph_1_3;ph_2_3;ph_4_3;ph_2_0;ph_1_2;ph_2_2;ph_3_2;ph_4_2;babble_d_3;ph_0_4;ph_3_4;babble_o_6;babble_m_6;ph_1_6;ph_2_6;ball;ph_0_8;ph_1_8;ph_2_8;ph_3_8;ph_4_8;babble_p_9;ph_0_10;ph_1_10;ph_2_10;ph_3_10;ph_0_7;ph_0_11;book;toy;cup"
2026-08-22 21:56:39,44,"ph_0_6",0.0318073,1,0.791667,0,5,"<SELF>;look;ph_0_0;ph_1_0;mama;ph_0_3;ph_1_3;ph_2_3;ph_4_3;ph_2_0;ph_1_2;ph_2_2;ph_3_2;ph_4_2;babble_d_3;ph_0_4;ph_3_4;babble_o_6;babble_m_6;ph_1_6;ph_2_6;ball;ph_0_8;ph_1_8;ph_2_8;ph_3_8;ph_4_8;babble_p_9;ph_0_10;ph_1_10;ph_2_10;ph_3_10;ph_0_7;ph_0_11;book;toy;cup"
2026-08-22 21:56:39,57,"ph_1_10",0.963858,1,0.791667,0,5,"<SELF>;look;ph_0_0;ph_1_0;mama;ph_0_3;ph_1_3;ph_2_3;ph_4_3;ph_2_0;ph_1_2;ph_2_2;ph_3_2;ph_4_2;babble_d_3;ph_0_4;ph_3_4;babble_o_6;babble_m_6;ph_1_6;ph_2_6;ball;ph_0_8;ph_1_8;ph_2_8;ph_3_8;ph_4_8;babble_p_9;ph_0_10;ph_2_10;ph_3_10;ph_0_7;ph_0_11;book;toy;cup"
2026-08-22 21:56:39,67,"cup",1,2,0.722222,0.263648,5,"<SELF>;look;ph_0_0;ph_1_0;mama;ph_0_3;ph_1_3;ph_2_3;ph_4_3;ph_2_0;ph_1_2;ph_2_2;ph_3_2;ph_4_2;babble_d_3;ph_0_4;ph_3_4;babble_o_6;babble_m_6;ph_1_6;ph_2_6;ball;ph_0_8;ph_1_8;ph_2_8;ph_3_8;ph_4_8;babble_p_9;ph_0_10;ph_1_10;ph_2_10;ph_3_10;ph_0_7;ph_0_11;book;toy"
2026-08-22 21:56:39,21,"ph_1_3",0.918765,1,0.84375,0,5,"<SELF>;look;ph_0_0;ph_1_0;mama;ph_0_3;ph_2_3;ph_4_3;ph_2_0;ph_1_2;ph_2_2;ph_3_2;ph_4_2;babble_d_3;ph_0_4;ph_3_4;babble_o_6;babble_m_6;ph_1_6;ph_2_6;ball;ph_0_8;ph_1_8;ph_2_8;ph_3_8;ph_4_8;babble_p_9;ph_0_10;ph_1_10;ph_2_10;ph_3_10;ph_0_7;ph_0_11;book;toy;cup"
2026-08-22 21:56:39,33,"gaga",0.0306001,2,0.842947,0,5,"<SELF>;look;ph_0_0;ph_1_0;mama;ph_0_3;ph_1_3;ph_2_3;ph_4_3;ph_2_0;ph_1_2;ph_2_2;ph_3_2;ph_4_2;babble_d_3;ph_0_4;ph_3_4;babble_o_6;babble_m_6;ph_1_6;ph_2_6;ball;ph_0_8;ph_1_8;ph_2_8;ph_3_8;ph_4_8;babble_p_9;ph_0_10;ph_1_10;ph_2_10;ph_3_10;ph_0_7;ph_0_11;book;toy;cup"
2026-08-22 21:56:39,49,"ph_1_8",0.304851,1,0.75,0,5,"<SELF>;look;ph_0_0;ph_1_0;mama;ph_0_3;ph_1_3;ph_2_3;ph_4_3;ph_2_0;ph_1_2;ph_2_2;ph_3_2;ph_4_2;babble_d_3;ph_0_4;ph_3_4;babble_o_6;babble_m_6;ph_1_6;ph_2_6;ball;ph_0_8;ph_2_8;ph_3_8;ph_4_8;babble_p_9;ph_0_10;ph_1_10;ph_2_10;ph_3_10;ph_0_7;ph_0_11;book;toy;cup"
2026-08-22 21:56:39,62,"hi",0.0324201,2,0.75,0,5,"<SELF>;look;ph_0_0;ph_1_0;mama;ph_0_3;ph_1_3;ph_2_3;ph_4_3;ph_2_0;ph_1_2;ph_2_2;ph_3_2;ph_4_2;babble_d_3;ph_0_4;ph_3_4;babble_o_6;babble_m_6;ph_1_6;ph_2_6;ball;ph_0_8;ph_1_8;ph_2_8;ph_3_8;ph_4_8;babble_p_9;ph_0_10;ph_1_10;ph_2_10;ph_3_10;ph_0_7;ph_0_11;book;toy;cup"
2026-08-22 21:56:39,16,"ph_0_0",0.967547,1,0.827777,0,5,"<SELF>;look;ph_1_0;mama;ph_0_3;ph_1_3;ph_2_3;ph_4_3;ph_2_0;ph_1_2;ph_2_2;ph_3_2;ph_4_2;babble_d_3;ph_0_4;ph_3_4;babble_o_6;babble_m_6;ph_1_6;ph_2_6;ball;ph_0_8;ph_1_8;ph_2_8;ph_3_8;ph_4_8;babble_p_9;ph_0_10;ph_1_10;ph_2_10;ph_3_10;ph_0_7;ph_0_11;book;toy;cup"
2026-08-22 21:56:39,28,"ph_0_2",0.0549895,1,0.807692,0,5,"<SELF>;look;ph_0_0;ph_1_0;mama;ph_0_3;ph_1_3;ph_2_3;ph_4_3;ph_2_0;ph_1_2;ph_2_2;ph_3_2;ph_4_2;babble_d_3;ph_0_4;ph_3_4;babble_o_6;babble_m_6;ph_1_6;ph_2_6;ball;ph_0_8;ph_1_8;ph_2_8;ph_3_8;ph_4_8;babble_p_9;ph_0_10;ph_1_10;ph_2_10;ph_3_10;ph_0_7;ph_0_11;book;toy;cup"
2026-08-22 21:56:39,44,"ph_0_6",0.0318073,1,0.807692,0,5,"<SELF>;look;ph_0_0;ph_1_0;mama;ph_0_3;ph_1_3;ph_2_3;ph_4_3;ph_2_0;ph_1_2;ph_2_2;ph_3_2;ph_4_2;babble_d_3;ph_0_4;ph_3_4;babble_o_6;babble_m_6;ph_1_6;ph_2_6;ball;ph_0_8;ph_1_8;ph_2_8;ph_3_8;ph_4_8;babble_p_9;ph_0_10;ph_1_10;ph_2_10;ph_3_10;ph_0_7;ph_0_11;book;toy;cup"
2026-08-22 21:56:39,57,"ph_1_10",0.963858,1,0.807692,0,5,"<SELF>;look;ph_0_0;ph_1_0;mama;ph_0_3;ph_1_3;ph_2_3;ph_4_3;ph_2_0;ph_1_2;ph_2_2;ph_3_2;ph_4_2;babble_d_3;ph_0_4;ph_3_4;babble_o_6;babble_m_6;ph_1_6;ph_2_6;ball;ph_0_8;ph_1_8;ph_2_8;ph_3_8;ph_4_8;babble_p_9;ph_0_10;ph_2_10;ph_3_10;ph_0_7;ph_0_11;book;toy;cup"
2026-08-22 21:56:39,67,"cup",1,2,0.75,0.263648,5,"<SELF>;look;ph_0_0;ph_1_0;mama;ph_0_3;ph_1_3;ph_2_3;ph_4_3;ph_2_0;ph_1_2;ph_2_2;ph_3_2;ph_4_2;babble_d_3;ph_0_4;ph_3_4;babble_o_6;babble_m_6;ph_1_6;ph_2_6;ball;ph_0_8;ph_1_8;ph_2_8;ph_3_8;ph_4_8;babble_p_9;ph_0_10;ph_1_10;ph_2_10;ph_3_10;ph_0_7;ph_0_11;book;toy"
2026-08-22 21:56:39,21,"ph_1_3",0.918765,1,0.852941,0,5,"<SELF>;look;ph_0_0;ph_1_0;mama;ph_0_3;ph_2_3;ph_4_3;ph_2_0;ph_1_2;ph_2_2;ph_3_2;ph_4_2;babble_d_3;ph_0_4;ph_3_4;babble_o_6;babble_m_6;ph_1_6;ph_2_6;ball;ph_0_8;ph_1_8;ph_2_8;ph_3_8;ph_4_8;babble_p_9;ph_0_10;ph_1_10;ph_2_10;ph_3_10;ph_0_7;ph_0_11;book;toy;cup"
2026-08-22 21:56:39,33,"gaga",0.0306001,2,0.852191,0,5,"<SELF>;look;ph_0_0;ph_1_0;mama;ph_0_3;ph_1_3;ph_2_3;ph_4_3;ph_2_0;ph_1_2;ph_2_2;ph_3_2;ph_4_2;babble_d_3;ph_0_4;ph_3_4;babble_o_6;babble_m_6;ph_1_6;ph_2_6;ball;ph_0_8;ph_1_8;ph_2_8;ph_3_8;ph_4_8;babble_p_9;ph_0_10;ph_1_10;ph_2_10;ph_3_10;ph_0_7;ph_0_11;book;toy;cup"
2026-08-22 21:56:39,49,"ph_1_8",0.304851,1,0.772727,0,5,"<SELF>;look;ph_0_0;ph_1_0;mama;ph_0_3;ph_1_3;ph_2_3;ph_4_3;ph_2_0;ph_1_2;ph_2_2;ph_3_2;ph_4_2;babble_d_3;ph_0_4;ph_3_4;babble_o_6;babble_m_6;ph_1_6;ph_2_6;ball;ph_0_8;ph_2_8;ph_3_8;ph_4_8;babble_p_9;ph_0_10;ph_1_10;ph_2_10;ph_3_10;ph_0_7;ph_0_11;book;toy;cup"
2026-08-22 21:56:39,62,"hi",0.0324201,2,0.772727,0,5,"<SELF>;look;ph_0_0;ph_1_0;mama;ph_0_3;ph_1_3;ph_2_3;ph_4_3;ph_2_0;ph_1_2;ph_2_2;ph_3_2;ph_4_2;babble_d_3;ph_0_4;ph_3_4;babble_o_6;babble_m_6;ph_1_6;ph_2_6;ball;ph_0_8;ph_1_8;ph_2_8;ph_3_8;ph_4_8;babble_p_9;ph_0_10;ph_1_10;ph_2_10;ph_3_10;ph_0_7;ph_0_11;book;toy;cup"
2026-08-22 21:56:39,16,"ph_0_0",0.967547,1,0.838653,0,5,"<SELF>;look;ph_1_0;mama;ph_0_3;ph_1_3;ph_2_3;ph_4_3;ph_2_0;ph_1_2;ph_2_2;ph_3_2;ph_4_2;babble_d_3;ph_0_4;ph_3_4;babble_o_6;babble_m_6;ph_1_6;ph_2_6;ball;ph_0_8;ph_1_8;ph_2_8;ph_3_8;ph_4_8;babble_p_9;ph_0_10;ph_1_10;ph_2_10;ph_3_10;ph_0_7;ph_0_11;book;toy;cup"
2026-08-22 21:56:39,28,"ph_0_2",0.0549895,1,0.821429,0,5,"<SELF>;look;ph_0_0;ph_1_0;mama;ph_0_3;ph_1_3;ph_2_3;ph_4_3;ph_2_0;ph_1_2;ph_2_2;ph_3_2;ph_4_2;babble_d_3;ph_0_4;ph_3_4;babble_o_6;babble_m_6;ph_1_6;ph_2_6;ball;ph_0_8;ph_1_8;ph_2_8;ph_3_8;ph_4_8;babble_p_9;ph_0_10;ph_1_10;ph_2_10;ph_3_10;ph_0_7;ph_0_11;book;toy;cup"
2026-08-22 21:56:39,44,"ph_0_6",0.0318073,1,0.821429,0,5,"<SELF>;look;ph_0_0;ph_1_0;mama;ph_0_3;ph_1_3;ph_2_3;ph_4_3;ph_2_0;ph_1_2;ph_2_2;ph_3_2;ph_4_2;babble_d_3;ph_0_4;ph_3_4;babble_o_6;babble_m_6;ph_1_6;ph_2_6;ball;ph_0_8;ph_1_8;ph_2_8;ph_3_8;ph_4_8;babble_p_9;ph_0_10;ph_1_10;ph_2_10;ph_3_10;ph_0_7;ph_0_11;book;toy;cup"
2026-08-22 21:56:39,57,"ph_1_10",0.963858,1,0.821429,0,5,"<SELF>;look;ph_0_0;ph_1_0;mama;ph_0_3;ph_1_3;ph_2_3;ph_4_3;ph_2_0;ph_1_2;ph_2_2;ph_3_2;ph_4_2;babble_d_3;ph_0_4;ph_3_4;babble_o_6;babble_m_6;ph_1_6;ph_2_6;ball;ph_0_8;ph_1_8;ph_2_8;ph_3_8;ph_4_8;babble_p_9;ph_0_10;ph_2_10;ph_3_10;ph_0_7;ph_0_11;book;toy;cup"
2026-08-22 21:56:39,67,"cup",1,2,0.772727,0.263648,5,"<SELF>;look;ph_0_0;ph_1_0;mama;ph_0_3;ph_1_3;ph_2_3;ph_4_3;ph_2_0;ph_1_2;ph_2_2;ph_3_2;ph_4_2;babble_d_3;ph_0_4;ph_3_4;babble_o_6;babble_m_6;ph_1_6;ph_2_6;ball;ph_0_8;ph_1_8;ph_2_8;ph_3_8;ph_4_8;babble_p_9;ph_0_10;ph_1_10;ph_2_10;ph_3_10;ph_0_7;ph_0_11;book;toy"
2026-08-22 21:56:39,21,"ph_1_3",0.918765,1,0.861111,0,5,"<SELF>;look;ph_0_0;ph_1_0;mama;ph_0_3;ph_2_3;ph_4_3;ph_2_0;ph_1_2;ph_2_2;ph_3_2;ph_4_2;babble_d_3;ph_0_4;ph_3_4;babble_o_6;babble_m_6;ph_1_6;ph_2_6;ball;ph_0_8;ph_1_8;ph_2_8;ph_3_8;ph_4_8;babble_p_9;ph_0_10;ph_1_10;ph_2_10;ph_3_10;ph_0_7;ph_0_11;book;toy;cup"
2026-08-22 21:56:39,33,"gaga",0.0306001,2,0.860408,0,5,"<SELF>;look;ph_0_0;ph_1_0;mama;ph_0_3;ph_1_3;ph_2_3;ph_4_3;ph_2_0;ph_1_2;ph_2_2;ph_3_2;ph_4_2;babble_d_3;ph_0_4;ph_3_4;babble_o_6;babble_m_6;ph_1_6;ph_2_6;ball;ph_0_8;ph_1_8;ph_2_8;ph_3_8;ph_4_8;babble_p_9;ph_0_10;ph_1_10;ph_2_10;ph_3_10;ph_0_7;ph_0_11;book;toy;cup"
2026-08-22 21:56:39,49,"ph_1_8",0.304851,1,0.791667,0,5,"<SELF>;look;ph_0_0;ph_1_0;mama;ph_0_3;ph_1_3;ph_2_3;ph_4_3;ph_2_0;ph_1_2;ph_2_2;ph_3_2;ph_4_2;babble_d_3;ph_0_4;ph_3_4;babble_o_6;babble_m_6;ph_1_6;ph_2_6;ball;ph_0_8;ph_2_8;ph_3_8;ph_4_8;babble_p_9;ph_0_10;ph_1_10;ph_2_10;ph_3_10;ph_0_7;ph_0_11;book;toy;cup"
2026-08-22 21:56:39,62,"hi",0.0324201,2,0.791667,0,5,"<SELF>;look;ph_0_0;ph_1_0;mama;ph_0_3;ph_1_3;ph_2_3;ph_4_3;ph_2_0;ph_1_2;ph_2_2;ph_3_2;ph_4_2;babble_d_3;ph_0_4;ph_3_4;babble_o_6;babble_m_6;ph_1_6;ph_2_6;ball;ph_0_8;ph_1_8;ph_2_8;ph_3_8;ph_4_8;babble_p_9;ph_0_10;ph_1_10;ph_2_10;ph_3_10;ph_0_7;ph_0_11;book;toy;cup"
2026-08-22 21:56:39,16,"ph_0_0",0.967547,1,0.848235,0,5,"<SELF>;look;ph_1_0;mama;ph_0_3;ph_1_3;ph_2_3;ph_4_3;ph_2_0;ph_1_2;ph_2_2;ph_3_2;ph_4_2;babble_d_3;ph_0_4;ph_3_4;babble_o_6;babble_m_6;ph_1_6;ph_2_6;ball;ph_0_8;ph_1_8;ph_2_8;ph_3_8;ph_4_8;babble_p_9;ph_0_10;ph_1_10;ph_2_10;ph_3_10;ph_0_7;ph_0_11;book;toy;cup"
2026-08-22 21:56:39,28,"ph_0_2",0.0549895,1,0.833333,0,5,"<SELF>;look;ph_0_0;ph_1_0;mama;ph_0_3;ph_1_3;ph_2_3;ph_4_3;ph_2_0;ph_1_2;ph_2_2;ph_3_2;ph_4_2;babble_d_3;ph_0_4;ph_3_4;babble_o_6;babble_m_6;ph_1_6;ph_2_6;ball;ph_0_8;ph_1_8;ph_2_8;ph_3_8;ph_4_8;babble_p_9;ph_0_10;ph_1_10;ph_2_10;ph_3_10;ph_0_7;ph_0_11;book;toy;cup"
2026-08-22 21:56:39,44,"ph_0_6",0.0318073,1,0.833333,0,5,"<SELF>;look;ph_0_0;ph_1_0;mama;ph_0_3;ph_1_3;ph_2_3;ph_4_3;ph_2_0;ph_1_2;ph_2_2;ph_3_2;ph_4_2;babble_d_3;ph_0_4;ph_3_4;babble_o_6;babble_m_6;ph_1_6;ph_2_6;ball;ph_0_8;ph_1_8;ph_2_8;ph_3_8;ph_4_8;babble_p_9;ph_0_10;ph_1_10;ph_2_10;ph_3_10;ph_0_7;ph_0_11;book;toy;cup"
2026-08-22 21:56:39,57,"ph_1_10",0.963858,1,0.833333,0,5,"<SELF>;look;ph_0_0;ph_1_0;mama;ph_0_3;ph_1_3;ph_2_3;ph_4_3;ph_2_0;ph_1_2;ph_2_2;ph_3_2;ph_4_2;babble_d_3;ph_0_4;ph_3_4;babble_o_6;babble_m_6;ph_1_6;ph_2_6;ball;ph_0_8;ph_1_8;ph_2_8;ph_3_8;ph_4_8;babble_p_9;ph_0_10;ph_2_10;ph_3_10;ph_0_7;ph_0_11;book;toy;cup"
2026-08-22 21:56:39,67,"cup",1,2,0.791667,0.263648,5,"<SELF>;look;ph_0_0;ph_1_0;mama;ph_0_3;ph_1_3;ph_2_3;ph_4_3;ph_2_0;ph_1_2;ph_2_2;ph_3_2;ph_4_2;babble_d_3;ph_0_4;ph_3_4;babble_o_6;babble_m_6;ph_1_6;ph_2_6;ball;ph_0_8;ph_1_8;ph_2_8;ph_3_8;ph_4_8;babble_p_9;ph_0_10;ph_1_10;ph_2_10;ph_3_10;ph_0_7;ph_0_11;book;toy"
2026-08-22 21:56:39,21,"ph_1_3",0.918765,1,0.868421,0,5,"<SELF>;look;ph_0_0;ph_1_0;mama;ph_0_3;ph_2_3;ph_4_3;ph_2_0;ph_1_2;ph_2_2;ph_3_2;ph_4_2;babble_d_3;ph_0_4;ph_3_4;babble_o_6;babble_m_6;ph_1_6;ph_2_6;ball;ph_0_8;ph_1_8;ph_2_8;ph_3_8;ph_4_8;babble_p_9;ph_0_10;ph_1_10;ph_2_10;ph_3_10;ph_0_7;ph_0_11;book;toy;cup"
2026-08-22 21:56:39,33,"gaga",0.0306001,2,0.86776,0,5,"<SELF>;look;ph_0_0;ph_1_0;mama;ph_0_3;ph_1_3;ph_2_3;ph_4_3;ph_2_0;ph_1_2;ph_2_2;ph_3_2;ph_4_2;babble_d_3;ph_0_4;ph_3_4;babble_o_6;babble_m_6;ph_1_6;ph_2_6;ball;ph_0_8;ph_1_8;ph_2_8;ph_3_8;ph_4_8;babble_p_9;ph_0_10;ph_1_10;ph_2_10;ph_3_10;ph_0_7;ph_0_11;book;toy;cup"
2026-08-22 21:56:39,49,"ph_1_8",0.304851,1,0.807692,0,5,"<SELF>;look;ph_0_0;ph_1_0;mama;ph_0_3;ph_1_3;ph_2_3;ph_4_3;ph_2_0;ph_1_2;ph_2_2;ph_3_2;ph_4_2;babble_d_3;ph_0_4;ph_3_4;babble_o_6;babble_m_6;ph_1_6;ph_2_6;ball;ph_0_8;ph_2_8;ph_3_8;ph_4_8;babble_p_9;ph_0_10;ph_1_10;ph_2_10;ph_3_10;ph_0_7;ph_0_11;book;toy;cup"
2026-08-22 21:56:39,62,"hi",0.0324201,2,0.807692,0,5,"<SELF>;look;ph_0_0;ph_1_0;mama;ph_0_3;ph_1_3;ph_2_3;ph_4_3;ph_2_0;ph_1_2;ph_2_2;ph_3_2;ph_4_2;babble_d_3;ph_0_4;ph_3_4;babble_o_6;babble_m_6;ph_1_6;ph_2_6;ball;ph_0_8;ph_1_8;ph_2_8;ph_3_8;ph_4_8;babble_p_9;ph_0_10;ph_1_10;ph_2_10;ph_3_10;ph_0_7;ph_0_11;book;toy;cup"
2026-08-22 21:56:39,16,"ph_0_0",0.967547,1,0.85674,0,5,"<SELF>;look;ph_1_0;mama;ph_0_3;ph_1_3;ph_2_3;ph_4_3;ph_2_0;ph_1_2;ph_2_2;ph_3_2;ph_4_2;babble_d_3;ph_0_4;ph_3_4;babble_o_6;babble_m_6;ph_1_6;ph_2_6;ball;ph_0_8;ph_1_8;ph_2_8;ph_3_8;ph_4_8;babble_p_9;ph_0_10;ph_1_10;ph_2_10;ph_3_10;ph_0_7;ph_0_11;book;toy;cup"
2026-08-22 21:56:39,28,"ph_0_2",0.0549895,1,0.84375,0,5,"<SELF>;look;ph_0_0;ph_1_0;mama;ph_0_3;ph_1_3;ph_2_3;ph_4_3;ph_2_0;ph_1_2;ph_2_2;ph_3_2;ph_4_2;babble_d_3;ph_0_4;ph_3_4;babble_o_6;babble_m_6;ph_1_6;ph_2_6;ball;ph_0_8;ph_1_8;ph_2_8;ph_3_8;ph_4_8;babble_p_9;ph_0_10;ph_1_10;ph_2_10;ph_3_10;ph_0_7;ph_0_11;book;toy;cup"
2026-08-22 21:56:39,44,"ph_0_6",0.0318073,1,0.84375,0,5,"<SELF>;look;ph_0_0;ph_1_0;mama;ph_0_3;ph_1_3;ph_2_3;ph_4_3;ph_2_0;ph_1_2;ph_2_2;ph_3_2;ph_4_2;babble_d_3;ph_0_4;ph_3_4;babble_o_6;babble_m_6;ph_1_6;ph_2_6;ball;ph_0_8;ph_1_8;ph_2_8;ph_3_8;ph_4_8;babble_p_9;ph_0_10;ph_1_10;ph_2_10;ph_3_10;ph_0_7;ph_0_11;book;toy;cup"
2026-08-22 21:56:39,57,"ph_1_10",0.963858,1,0.84375,0,5,"<SELF>;look;ph_0_0;ph_1_0;mama;ph_0_3;ph_1_3;ph_2_3;ph_4_3;ph_2_0;ph_1_2;ph_2_2;ph_3_2;ph_4_2;babble_d_3;ph_0_4;ph_3_4;babble_o_6;babble_m_6;ph_1_6;ph_2_6;ball;ph_0_8;ph_1_8;ph_2_8;ph_3_8;ph_4_8;babble_p_9;ph_0_10;ph_2_10;ph_3_10;ph_0_7;ph_0_11;book;toy;cup"
2026-08-22 21:56:39,67,"cup",1,2,0.807692,0.263648,5,"<SELF>;look;ph_0_0;ph_1_0;mama;ph_0_3;ph_1_3;ph_2_3;ph_4_3;ph_2_0;ph_1_2;ph_2_2;ph_3_2;ph_4_2;babble_d_3;ph_0_4;ph_3_4;babble_o_6;babble_m_6;ph_1_6;ph_2_6;ball;ph_0_8;ph_1_8;ph_2_8;ph_3_8;ph_4_8;babble_p_9;ph_0_10;ph_1_10;ph_2_10;ph_3_10;ph_0_7;ph_0_11;book;toy"
2026-08-22 21:56:39,21,"ph_1_3",0.918765,1,0.875,0,5,"<SELF>;look;ph_0_0;ph_1_0;mama;ph_0_3;ph_2_3;ph_4_3;ph_2_0;ph_1_2;ph_2_2;ph_3_2;ph_4_2;babble_d_3;ph_0_4;ph_3_4;babble_o_6;babble_m_6;ph_1_6;ph_2_6;ball;ph_0_8;ph_1_8;ph_2_8;ph_3_8;ph_4_8;babble_p_9;ph_0_10;ph_1_10;ph_2_10;ph_3_10;ph_0_7;ph_0_11;book;toy;cup"
2026-08-22 21:56:39,33,"gaga",0.0306001,2,0.874376,0,5,"<SELF>;look;ph_0_0;ph_1_0;mama;ph_0_3;ph_1_3;ph_2_3;ph_4_3;ph_2_0;ph_1_2;ph_2_2;ph_3_2;ph_4_2;babble_d_3;ph_0_4;ph_3_4;babble_o_6;babble_m_6;ph_1_6;ph_2_6;ball;ph_0_8;ph_1_8;ph_2_8;ph_3_8;ph_4_8;babble_p_9;ph_0_10;ph_1_10;ph_2_10;ph_3_10;ph_0_7;ph_0_11;book;toy;cup"
2026-08-22 21:56:39,49,"ph_1_8",0.304851,1,0.821429,0,5,"<SELF>;look;ph_0_0;ph_1_0;mama;ph_0_3;ph_1_3;ph_2_3;ph_4_3;ph_2_0;ph_1_2;ph_2_2;ph_3_2;ph_4_2;babble_d_3;ph_0_4;ph_3_4;babble_o_6;babble_m_6;ph_1_6;ph_2_6;ball;ph_0_8;ph_2_8;ph_3_8;ph_4_8;babble_p_9;ph_0_10;ph_1_10;ph_2_10;ph_3_10;ph_0_7;ph_0_11;book;toy;cup"
2026-08-22 21:56:39,62,"hi",0.0324201,2,0.821429,0,5,"<SELF>;look;ph_0_0;ph_1_0;mama;ph_0_3;ph_1_3;ph_2_3;ph_4_3;ph_2_0;ph_1_2;ph_2_2;ph_3_2;ph_4_2;babble_d_3;ph_0_4;ph_3_4;babble_o_6;babble_m_6;ph_1_6;ph_2_6;ball;ph_0_8;ph_1_8;ph_2_8;ph_3_8;ph_4_8;babble_p_9;ph_0_10;ph_1_10;ph_2_10;ph_3_10;ph_0_7;ph_0_11;book;toy;cup"
2026-08-22 21:56:40,16,"ph_0_0",0.967547,1,0.86434,0,5,"<SELF>;look;ph_1_0;mama;ph_0_3;ph_1_3;ph_2_3;ph_4_3;ph_2_0;ph_1_2;ph_2_2;ph_3_2;ph_4_2;babble_d_3;ph_0_4;ph_3_4;babble_o_6;babble_m_6;ph_1_6;ph_2_6;ball;ph_0_8;ph_1_8;ph_2_8;ph_3_8;ph_4_8;babble_p_9;ph_0_10;ph_1_10;ph_2_10;ph_3_10;ph_0_7;ph_0_11;book;toy;cup"
2026-08-22 21:56:40,28,"ph_0_2",0.0549895,1,0.852941,0,5,"<SELF>;look;ph_0_0;ph_1_0;mama;ph_0_3;ph_1_3;ph_2_3;ph_4_3;ph_2_0;ph_1_2;ph_2_2;ph_3_2;ph_4_2;babble_d_3;ph_0_4;ph_3_4;babble_o_6;babble_m_6;ph_1_6;ph_2_6;ball;ph_0_8;ph_1_8;ph_2_8;ph_3_8;ph_4_8;babble_p_9;ph_0_10;ph_1_10;ph_2_10;ph_3_10;ph_0_7;ph_0_11;book;toy;cup"
2026-08-22 21:56:40,44,"ph_0_6",0.0318073,1,0.852941,0,5,"<SELF>;look;ph_0_0;ph_1_0;mama;ph_0_3;ph_1_3;ph_2_3;ph_4_3;ph_2_0;ph_1_2;ph_2_2;ph_3_2;ph_4_2;babble_d_3;ph_0_4;ph_3_4;babble_o_6;babble_m_6;ph_1_6;ph_2_6;ball;ph_0_8;ph_1_8;ph_2_8;ph_3_8;ph_4_8;babble_p_9;ph_0_10;ph_1_10;ph_2_10;ph_3_10;ph_0_7;ph_0_11;book;toy;cup"
2026-08-22 21:56:40,57,"ph_1_10",0.963858,1,0.852941,0,5,"<SELF>;look;ph_0_0;ph_1_0;mama;ph_0_3;ph_1_3;ph_2_3;ph_4_3;ph_2_0;ph_1_2;ph_2_2;ph_3_2;ph_4_2;babble_d_3;ph_0_4;ph_3_4;babble_o_6;babble_m_6;ph_1_6;ph_2_6;ball;ph_0_8;ph_1_8;ph_2_8;ph_3_8;ph_4_8;babble_p_9;ph_0_10;ph_2_10;ph_3_10;ph_0_7;ph_0_11;book;toy;cup"
2026-08-22 21:56:40,67,"cup",1,2,0.821429,0.263648,5,"<SELF>;look;ph_0_0;ph_1_0;mama;ph_0_3;ph_1_3;ph_2_3;ph_4_3;ph_2_0;ph_1_2;ph_2_2;ph_3_2;ph_4_2;babble_d_3;ph_0_4;ph_3_4;babble_o_6;babble_m_6;ph_1_6;ph_2_6;ball;ph_0_8;ph_1_8;ph_2_8;ph_3_8;ph_4_8;babble_p_9;ph_0_10;ph_1_10;ph_2_10;ph_3_10;ph_0_7;ph_0_11;book;toy"
2026-08-22 21:56:40,21,"ph_1_3",0.918765,1,0.880952,0,5,"<SELF>;look;ph_0_0;ph_1_0;mama;ph_0_3;ph_2_3;ph_4_3;ph_2_0;ph_1_2;ph_2_2;ph_3_2;ph_4_2;babble_d_3;ph_0_4;ph_3_4;babble_o_6;babble_m_6;ph_1_6;ph_2_6;ball;ph_0_8;ph_1_8;ph_2_8;ph_3_8;ph_4_8;babble_p_9;ph_0_10;ph_1_10;ph_2_10;ph_3_10;ph_0_7;ph_0_11;book;toy;cup"
2026-08-22 21:56:40,33,"gaga",0.0306001,2,0.880362,0,5,"<SELF>;look;ph_0_0;ph_1_0;mama;ph_0_3;ph_1_3;ph_2_3;ph_4_3;ph_2_0;ph_1_2;ph_2_2;ph_3_2;ph_4_2;babble_d_3;ph_0_4;ph_3_4;babble_o_6;babble_m_6;ph_1_6;ph_2_6;ball;ph_0_8;ph_1_8;ph_2_8;ph_3_8;ph_4_8;babble_p_9;ph_0_10;ph_1_10;ph_2_10;ph_3_10;ph_0_7;ph_0_11;book;toy;cup"
2026-08-22 21:56:40,49,"ph_1_8",0.304851,1,0.833333,0,5,"<SELF>;look;ph_0_0;ph_1_0;mama;ph_0_3;ph_1_3;ph_2_3;ph_4_3;ph_2_0;ph_1_2;ph_2_2;ph_3_2;ph_4_2;babble_d_3;ph_0_4;ph_3_4;babble_o_6;babble_m_6;ph_1_6;ph_2_6;ball;ph_0_8;ph_2_8;ph_3_8;ph_4_8;babble_p_9;ph_0_10;ph_1_10;ph_2_10;ph_3_10;ph_0_7;ph_0_11;book;toy;cup"
2026-08-22 21:56:40,62,"hi",0.0324201,2,0.833333,0,5,"<SELF>;look;ph_0_0;ph_1_0;mama;ph_0_3;ph_1_3;ph_2_3;ph_4_3;ph_2_0;ph_1_2;ph_2_2;ph_3_2;ph_4_2;babble_d_3;ph_0_4;ph_3_4;babble_o_6;babble_m_6;ph_1_6;ph_2_6;ball;ph_0_8;ph_1_8;ph_2_8;ph_3_8;ph_4_8;babble_p_9;ph_0_10;ph_1_10;ph_2_10;ph_3_10;ph_0_7;ph_0_11;book;toy;cup"
2026-08-22 21:56:40,16,"ph_0_0",0.967547,1,0.871174,0,5,"<SELF>;look;ph_1_0;mama;ph_0_3;ph_1_3;ph_2_3;ph_4_3;ph_2_0;ph_1_2;ph_2_2;ph_3_2;ph_4_2;babble_d_3;ph_0_4;ph_3_4;babble_o_6;babble_m_6;ph_1_6;ph_2_6;ball;ph_0_8;ph_1_8;ph_2_8;ph_3_8;ph_4_8;babble_p_9;ph_0_10;ph_1_10;ph_2_10;ph_3_10;ph_0_7;ph_0_11;book;toy;cup"
2026-08-22 21:56:40,28,"ph_0_2",0.0549895,1,0.861111,0,5,"<SELF>;look;ph_0_0;ph_1_0;mama;ph_0_3;ph_1_3;ph_2_3;ph_4_3;ph_2_0;ph_1_2;ph_2_2;ph_3_2;ph_4_2;babble_d_3;ph_0_4;ph_3_4;babble_o_6;babble_m_6;ph_1_6;ph_2_6;ball;ph_0_8;ph_1_8;ph_2_8;ph_3_8;ph_4_8;babble_p_9;ph_0_10;ph_1_10;ph_2_10;ph_3_10;ph_0_7;ph_0_11;book;toy;cup"
2026-08-22 21:56:40,44,"ph_0_6",0.0318073,1,0.861111,0,5,"<SELF>;look;ph_0_0;ph_1_0;mama;ph_0_3;ph_1_3;ph_2_3;ph_4_3;ph_2_0;ph_1_2;ph_2_2;ph_3_2;ph_4_2;babble_d_3;ph_0_4;ph_3_4;babble_o_6;babble_m_6;ph_1_6;ph_2_6;ball;ph_0_8;ph_1_8;ph_2_8;ph_3_8;ph_4_8;babble_p_9;ph_0_10;ph_1_10;ph_2_10;ph_3_10;ph_0_7;ph_0_11;book;toy;cup"
2026-08-22 21:56:40,57,"ph_1_10",0.963858,1,0.861111,0,5,"<SELF>;look;ph_0_0;ph_1_0;mama;ph_0_3;ph_1_3;ph_2_3;ph_4_3;ph_2_0;ph_1_2;ph_2_2;ph_3_2;ph_4_2;babble_d_3;ph_0_4;ph_3_4;babble_o_6;babble_m_6;ph_1_6;ph_2_6;ball;ph_0_8;ph_1_8;ph_2_8;ph_3_8;ph_4_8;babble_p_9;ph_0_10;ph_2_10;ph_3_10;ph_0_7;ph_0_11;book;toy;cup"
2026-08-22 21:56:40,67,"cup",1,2,0.833333,0.263648,5,"<SELF>;look;ph_0_0;ph_1_0;mama;ph_0_3;ph_1_3;ph_2_3;ph_4_3;ph_2_0;ph_1_2;ph_2_2;ph_3_2;ph_4_2;babble_d_3;ph_0_4;ph_3_4;babble_o_6;babble_m_6;ph_1_6;ph_2_6;ball;ph_0_8;ph_1_8;ph_2_8;ph_3_8;ph_4_8;babble_p_9;ph_0_10;ph_1_10;ph_2_10;ph_3_10;ph_0_7;ph_0_11;book;toy"
2026-08-22 21:56:40,21,"ph_1_3",0.918765,1,0.886364,0,5,"<SELF>;look;ph_0_0;ph_1_0;mama;ph_0_3;ph_2_3;ph_4_3;ph_2_0;ph_1_2;ph_2_2;ph_3_2;ph_4_2;babble_d_3;ph_0_4;ph_3_4;babble_o_6;babble_m_6;ph_1_6;ph_2_6;ball;ph_0_8;ph_1_8;ph_2_8;ph_3_8;ph_4_8;babble_p_9;ph_0_10;ph_1_10;ph_2_10;ph_3_10;ph_0_7;ph_0_11;book;toy;cup"
2026-08-22 21:56:40,33,"gaga",0.0306001,2,0.885803,0,5,"<SELF>;look;ph_0_0;ph_1_0;mama;ph_0_3;ph_1_3;ph_2_3;ph_4_3;ph_2_0;ph_1_2;ph_2_2;ph_3_2;ph_4_2;babble_d_3;ph_0_4;ph_3_4;babble_o_6;babble_m_6;ph_1_6;ph_2_6;ball;ph_0_8;ph_1_8;ph_2_8;ph_3_8;ph_4_8;babble_p_9;ph_0_10;ph_1_10;ph_2_10;ph_3_10;ph_0_7;ph_0_11;book;toy;cup"
2026-08-22 21:56:40,49,"ph_1_8",0.304851,1,0.84375,0,5,"<SELF>;look;ph_0_0;ph_1_0;mama;ph_0_3;ph_1_3;ph_2_3;ph_4_3;ph_2_0;ph_1_2;ph_2_2;ph_3_2;ph_4_2;babble_d_3;ph_0_4;ph_3_4;babble_o_6;babble_m_6;ph_1_6;ph_2_6;ball;ph_0_8;ph_2_8;ph_3_8;ph_4_8;babble_p_9;ph_0_10;ph_1_10;ph_2_10;ph_3_10;ph_0_7;ph_0_11;book;toy;cup"
2026-08-22 21:56:40,62,"hi",0.0324201,2,0.84375,0,5,"<SELF>;look;ph_0_0;ph_1_0;mama;ph_0_3;ph_1_3;ph_2_3;ph_4_3;ph_2_0;ph_1_2;ph_2_2;ph_3_2;ph_4_2;babble_d_3;ph_0_4;ph_3_4;babble_o_6;babble_m_6;ph_1_6;ph_2_6;ball;ph_0_8;ph_1_8;ph_2_8;ph_3_8;ph_4_8;babble_p_9;ph_0_10;ph_1_10;ph_2_10;ph_3_10;ph_0_7;ph_0_11;book;toy;cup"
2026-08-22 21:56:40,16,"ph_0_0",0.967547,1,0.877351,0,5,"<SELF>;look;ph_1_0;mama;ph_0_3;ph_1_3;ph_2_3;ph_4_3;ph_2_0;ph_1_2;ph_2_2;ph_3_2;ph_4_2;babble_d_3;ph_0_4;ph_3_4;babble_o_6;babble_m_6;ph_1_6;ph_2_6;ball;ph_0_8;ph_1_8;ph_2_8;ph_3_8;ph_4_8;babble_p_9;ph_0_10;ph_1_10;ph_2_10;ph_3_10;ph_0_7;ph_0_11;book;toy;cup"
2026-08-22 21:56:40,28,"ph_0_2",0.0549895,1,0.868421,0,5,"<SELF>;look;ph_0_0;ph_1_0;mama;ph_0_3;ph_1_3;ph_2_3;ph_4_3;ph_2_0;ph_1_2;ph_2_2;ph_3_2;ph_4_2;babble_d_3;ph_0_4;ph_3_4;babble_o_6;babble_m_6;ph_1_6;ph_2_6;ball;ph_0_8;ph_1_8;ph_2_8;ph_3_8;ph_4_8;babble_p_9;ph_0_10;ph_1_10;ph_2_10;ph_3_10;ph_0_7;ph_0_11;book;toy;cup"
2026-08-22 21:56:40,44,"ph_0_6",0.0318073,1,0.868421,0,5,"<SELF>;look;ph_0_0;ph_1_0;mama;ph_0_3;ph_1_3;ph_2_3;ph_4_3;ph_2_0;ph_1_2;ph_2_2;ph_3_2;ph_4_2;babble_d_3;ph_0_4;ph_3_4;babble_o_6;babble_m_6;ph_1_6;ph_2_6;ball;ph_0_8;ph_1_8;ph_2_8;ph_3_8;ph_4_8;babble_p_9;ph_0_10;ph_1_10;ph_2_10;ph_3_10;ph_0_7;ph_0_11;book;toy;cup"
2026-08-22 21:56:40,57,"ph_1_10",0.963858,1,0.868421,0,5,"<SELF>;look;ph_0_0;ph_1_0;mama;ph_0_3;ph_1_3;ph_2_3;ph_4_3;ph_2_0;ph_1_2;ph_2_2;ph_3_2;ph_4_2;babble_d_3;ph_0_4;ph_3_4;babble_o_6;babble_m_6;ph_1_6;ph_2_6;ball;ph_0_8;ph_1_8;ph_2_8;ph_3_8;ph_4_8;babble_p_9;ph_0_10;ph_2_10;ph_3_10;ph_0_7;ph_0_11;book;toy;cup"
2026-08-22 21:56:40,67,"cup",1,2,0.84375,0.263648,5,"<SELF>;look;ph_0_0;ph_1_0;mama;ph_0_3;ph_1_3;ph_2_3;ph_4_3;ph_2_0;ph_1_2;ph_2_2;ph_3_2;ph_4_2;babble_d_3;ph_0_4;ph_3_4;babble_o_6;babble_m_6;ph_1_6;ph_2_6;ball;ph_0_8;ph_1_8;ph_2_8;ph_3_8;ph_4_8;babble_p_9;ph_0_10;ph_1_10;ph_2_10;ph_3_10;ph_0_7;ph_0_11;book;toy"
2026-08-22 21:56:40,21,"ph_1_3",0.918765,1,0.891304,0,5,"<SELF>;look;ph_0_0;ph_1_0;mama;ph_0_3;ph_2_3;ph_4_3;ph_2_0;ph_1_2;ph_2_2;ph_3_2;ph_4_2;babble_d_3;ph_0_4;ph_3_4;babble_o_6;babble_m_6;ph_1_6;ph_2_6;ball;ph_0_8;ph_1_8;ph_2_8;ph_3_8;ph_4_8;babble_p_9;ph_0_10;ph_1_10;ph_2_10;ph_3_10;ph_0_7;ph_0_11;book;toy;cup"
2026-08-22 21:56:40,33,"gaga",0.0306001,2,0.890771,0,5,"<SELF>;look;ph_0_0;ph_1_0;mama;ph_0_3;ph_1_3;ph_2_3;ph_4_3;ph_2_0;ph_1_2;ph_2_2;ph_3_2;ph_4_2;babble_d_3;ph_0_4;ph_3_4;babble_o_6;babble_m_6;ph_1_6;ph_2_6;ball;ph_0_8;ph_1_8;ph_2_8;ph_3_8;ph_4_8;babble_p_9;ph_0_10;ph_1_10;ph_2_10;ph_3_10;ph_0_7;ph_0_11;book;toy;cup"
2026-08-22 21:56:40,49,"ph_1_8",0.304851,1,0.852941,0,5,"<SELF>;look;ph_0_0;ph_1_0;mama;ph_0_3;ph_1_3;ph_2_3;ph_4_3;ph_2_0;ph_1_2;ph_2_2;ph_3_2;ph_4_2;babble_d_3;ph_0_4;ph_3_4;babble_o_6;babble_m_6;ph_1_6;ph_2_6;ball;ph_0_8;ph_2_8;ph_3_8;ph_4_8;babble_p_9;ph_0_10;ph_1_10;ph_2_10;ph_3_10;ph_0_7;ph_0_11;book;toy;cup"
2026-08-22 21:56:40,62,"hi",0.0324201,2,0.852941,0,5,"<SELF>;look;ph_0_0;ph_1_0;mama;ph_0_3;ph_1_3;ph_2_3;ph_4_3;ph_2_0;ph_1_2;ph_2_2;ph_3_2;ph_4_2;babble_d_3;ph_0_4;ph_3_4;babble_o_6;babble_m_6;ph_1_6;ph_2_6;ball;ph_0_8;ph_1_8;ph_2_8;ph_3_8;ph_4_8;babble_p_9;ph_0_10;ph_1_10;ph_2_10;ph_3_10;ph_0_7;ph_0_11;book;toy;cup"
2026-08-22 21:56:40,72,"want",0.0396884,1,0.2,0,5,"<SELF>;look;ph_0_0;ph_1_0;mama;ph_0_3;ph_1_3;ph_2_3;ph_4_3;ph_2_0;ph_1_2;ph_2_2;ph_3_2;ph_4_2;babble_d_3;ph_0_4;ph_3_4;babble_o_6;babble_m_6;ph_1_6;ph_2_6;ball;ph_0_8;ph_1_8;ph_2_8;ph_3_8;ph_4_8;babble_p_9;ph_0_10;ph_1_10;ph_2_10;ph_3_10;ph_0_7;ph_0_11;book;toy;cup"
2026-08-22 21:56:40,27,"ph_2_0",0.786435,1,0.821429,0,5,"<SELF>;look;ph_0_0;ph_1_0;mama;ph_0_3;ph_1_3;ph_2_3;ph_4_3;ph_1_2;ph_2_2;ph_3_2;ph_4_2;babble_d_3;ph_0_4;ph_3_4;babble_o_6;babble_m_6;ph_1_6;ph_2_6;ball;ph_0_8;ph_1_8;ph_2_8;ph_3_8;ph_4_8;babble_p_9;ph_0_10;ph_1_10;ph_2_10;ph_3_10;ph_0_7;ph_0_11;book;toy;cup"
2026-08-22 21:56:40,40,"ph_3_4",0.218298,1,0.821429,0,5,"<SELF>;look;ph_0_0;ph_1_0;mama;ph_0_3;ph_1_3;ph_2_3;ph_4_3;ph_2_0;ph_1_2;ph_2_2;ph_3_2;ph_4_2;babble_d_3;ph_0_4;babble_o_6;babble_m_6;ph_1_6;ph_2_6;ball;ph_0_8;ph_1_8;ph_2_8;ph_3_8;ph_4_8;babble_p_9;ph_0_10;ph_1_10;ph_2_10;ph_3_10;ph_0_7;ph_0_11;book;toy;cup"
2026-08-22 21:56:40,56,"ph_0_10",0.341369,1,0.722222,0,5,"<SELF>;look;ph_0_0;ph_1_0;mama;ph_0_3;ph_1_3;ph_2_3;ph_4_3;ph_2_0;ph_1_2;ph_2_2;ph_3_2;ph_4_2;babble_d_3;ph_0_4;ph_3_4;babble_o_6;babble_m_6;ph_1_6;ph_2_6;ball;ph_0_8;ph_1_8;ph_2_8;ph_3_8;ph_4_8;babble_p_9;ph_1_10;ph_2_10;ph_3_10;ph_0_7;ph_0_11;book;toy;cup"
2026-08-22 21:56:40,66,"toy",0.994559,1,0.6875,0.268958,5,"<SELF>;look;ph_0_0;ph_1_0;mama;ph_0_3;ph_1_3;ph_2_3;ph_4_3;ph_2_0;ph_1_2;ph_2_2;ph_3_2;ph_4_2;babble_d_3;ph_0_4;ph_3_4;babble_o_6;babble_m_6;ph_1_6;ph_2_6;ball;ph_0_8;ph_1_8;ph_2_8;ph_3_8;ph_4_8;babble_p_9;ph_0_10;ph_1_10;ph_2_10;ph_3_10;ph_0_7;ph_0_11;book;cup"
2026-08-22 21:56:40,19,"mama",1,1,0.821429,0.256211,5,"<SELF>;look;ph_0_0;ph_1_0;ph_0_3;ph_1_3;ph_2_3;ph_4_3;ph_2_0;ph_1_2;ph_2_2;ph_3_2;ph_4_2;babble_d_3;ph_0_4;ph_3_4;babble_o_6;babble_m_6;ph_1_6;ph_2_6;ball;ph_0_8;ph_1_8;ph_2_8;ph_3_8;ph_4_8;babble_p_9;ph_0_10;ph_1_10;ph_2_10;ph_3_10;ph_0_7;ph_0_11;book;toy;cup"
2026-08-22 21:56:40,31,"ph_3_2",0.382182,1,0.821429,0,5,"<SELF>;look;ph_0_0;ph_1_0;mama;ph_0_3;ph_1_3;ph_2_3;ph_4_3;ph_2_0;ph_1_2;ph_2_2;ph_4_2;babble_d_3;ph_0_4;ph_3_4;babble_o_6;babble_m_6;ph_1_6;ph_2_6;ball;ph_0_8;ph_1_8;ph_2_8;ph_3_8;ph_4_8;babble_p_9;ph_0_10;ph_1_10;ph_2_10;ph_3_10;ph_0_7;ph_0_11;book;toy;cup"
2026-08-22 21:56:40,47,"ball",1,1,0.6875,0.267506,5,"<SELF>;look;ph_0_0;ph_1_0;mama;ph_0_3;ph_1_3;ph_2_3;ph_4_3;ph_2_0;ph_1_2;ph_2_2;ph_3_2;ph_4_2;babble_d_3;ph_0_4;ph_3_4;babble_o_6;babble_m_6;ph_1_6;ph_2_6;ph_0_8;ph_1_8;ph_2_8;ph_3_8;ph_4_8;babble_p_9;ph_0_10;ph_1_10;ph_2_10;ph_3_10;ph_0_7;ph_0_11;book;toy;cup"
2026-08-22 21:56:40,60,"papa",0.0343707,2,0.75,0,5,"<SELF>;look;ph_0_0;ph_1_0;mama;ph_0_3;ph_1_3;ph_2_3;ph_4_3;ph_2_0;ph_1_2;ph_2_2;ph_3_2;ph_4_2;babble_d_3;ph_0_4;ph_3_4;babble_o_6;babble_m_6;ph_1_6;ph_2_6;ball;ph_0_8;ph_1_8;ph_2_8;ph_3_8;ph_4_8;babble_p_9;ph_0_10;ph_1_10;ph_2_10;ph_3_10;ph_0_7;ph_0_11;book;toy;cup"
2026-08-22 21:56:40,70,"please",0.0596884,3,0.2,0,5,"<SELF>;look;ph_0_0;ph_1_0;mama;ph_0_3;ph_1_3;ph_2_3;ph_4_3;ph_2_0;ph_1_2;ph_2_2;ph_3_2;ph_4_2;babble_d_3;ph_0_4;ph_3_4;babble_o_6;babble_m_6;ph_1_6;ph_2_6;ball;ph_0_8;ph_1_8;ph_2_8;ph_3_8;ph_4_8;babble_p_9;ph_0_10;ph_1_10;ph_2_10;ph_3_10;ph_0_7;ph_0_11;book;toy;cup"
2026-08-22 21:56:40,23,"ph_3_3",0.0974328,1,0.75,0,5,"<SELF>;look;ph_0_0;ph_1_0;mama;ph_0_3;ph_1_3;ph_2_3;ph_4_3;ph_2_0;ph_1_2;ph_2_2;ph_3_2;ph_4_2;babble_d_3;ph_0_4;ph_3_4;babble_o_6;babble_m_6;ph_1_6;ph_2_6;ball;ph_0_8;ph_1_8;ph_2_8;ph_3_8;ph_4_8;babble_p_9;ph_0_10;ph_1_10;ph_2_10;ph_3_10;ph_0_7;ph_0_11;book;toy;cup"
2026-08-22 21:56:40,38,"ph_1_4",0.0710369,1,0.75,0,5,"<SELF>;look;ph_0_0;ph_1_0;mama;ph_0_3;ph_1_3;ph_2_3;ph_4_3;ph_2_0;ph_1_2;ph_2_2;ph_3_2;ph_4_2;babble_d_3;ph_0_4;ph_3_4;babble_o_6;babble_m_6;ph_1_6;ph_2_6;ball;ph_0_8;ph_1_8;ph_2_8;ph_3_8;ph_4_8;babble_p_9;ph_0_10;ph_1_10;ph_2_10;ph_3_10;ph_0_7;ph_0_11;book;toy;cup"
2026-08-22 21:56:40,51,"ph_3_8",0.617498,1,0.722222,0,5,"<SELF>;look;ph_0_0;ph_1_0;mama;ph_0_3;ph_1_3;ph_2_3;ph_4_3;ph_2_0;ph_1_2;ph_2_2;ph_3_2;ph_4_2;babble_d_3;ph_0_4;ph_3_4;babble_o_6;babble_m_6;ph_1_6;ph_2_6;ball;ph_0_8;ph_1_8;ph_2_8;ph_4_8;babble_p_9;ph_0_10;ph_1_10;ph_2_10;ph_3_10;ph_0_7;ph_0_11;book;toy;cup"
2026-08-22 21:56:40,64,"ph_0_15",0.0183121,1,0.6875,0,5,"<SELF>;look;ph_0_0;ph_1_0;mama;ph_0_3;ph_1_3;ph_2_3;ph_4_3;ph_2_0;ph_1_2;ph_2_2;ph_3_2;ph_4_2;babble_d_3;ph_0_4;ph_3_4;babble_o_6;babble_m_6;ph_1_6;ph_2_6;ball;ph_0_8;ph_1_8;ph_2_8;ph_3_8;ph_4_8;babble_p_9;ph_0_10;ph_1_10;ph_2_10;ph_3_10;ph_0_7;ph_0_11;book;toy;cup"
2026-08-22 21:56:40,17,"ph_1_0",0.298016,1,0.791667,0,5,"<SELF>;look;ph_0_0;mama;ph_0_3;ph_1_3;ph_2_3;ph_4_3;ph_2_0;ph_1_2;ph_2_2;ph_3_2;ph_4_2;babble_d_3;ph_0_4;ph_3_4;babble_o_6;babble_m_6;ph_1_6;ph_2_6;ball;ph_0_8;ph_1_8;ph_2_8;ph_3_8;ph_4_8;babble_p_9;ph_0_10;ph_1_10;ph_2_10;ph_3_10;ph_0_7;ph_0_11;book;toy;cup"
2026-08-22 21:56:40,29,"ph_1_2",0.534024,1,0.75,0,5,"<SELF>;look;ph_0_0;ph_1_0;mama;ph_0_3;ph_1_3;ph_2_3;ph_4_3;ph_2_0;ph_2_2;ph_3_2;ph_4_2;babble_d_3;ph_0_4;ph_3_4;babble_o_6;babble_m_6;ph_1_6;ph_2_6;ball;ph_0_8;ph_1_8;ph_2_8;ph_3_8;ph_4_8;babble_p_9;ph_0_10;ph_1_10;ph_2_10;ph_3_10;ph_0_7;ph_0_11;book;toy;cup"
2026-08-22 21:56:40,45,"ph_1_6",0.757869,1,0.722222,0,5,"<SELF>;look;ph_0_0;ph_1_0;mama;ph_0_3;ph_1_3;ph_2_3;ph_4_3;ph_2_0;ph_1_2;ph_2_2;ph_3_2;ph_4_2;babble_d_3;ph_0_4;ph_3_4;babble_o_6;babble_m_6;ph_2_6;ball;ph_0_8;ph_1_8;ph_2_8;ph_3_8;ph_4_8;babble_p_9;ph_0_10;ph_1_10;ph_2_10;ph_3_10;ph_0_7;ph_0_11;book;toy;cup"
2026-08-22 21:56:40,58,"ph_2_10",0.880002,1,0.75,0,5,"<SELF>;look;ph_0_0;ph_1_0;mama;ph_0_3;ph_1_3;ph_2_3;ph_4_3;ph_2_0;ph_1_2;ph_2_2;ph_3_2;ph_4_2;babble_d_3;ph_0_4;ph_3_4;babble_o_6;babble_m_6;ph_1_6;ph_2_6;ball;ph_0_8;ph_1_8;ph_2_8;ph_3_8;ph_4_8;babble_p_9;ph_0_10;ph_1_10;ph_3_10;ph_0_7;ph_0_11;book;toy;cup"
2026-08-22 21:56:40,68,"like",0.0476016,2,0.583333,0,5,"<SELF>;look;ph_0_0;ph_1_0;mama;ph_0_3;ph_1_3;ph_2_3;ph_4_3;ph_2_0;ph_1_2;ph_2_2;ph_3_2;ph_4_2;babble_d_3;ph_0_4;ph_3_4;babble_o_6;babble_m_6;ph_1_6;ph_2_6;ball;ph_0_8;ph_1_8;ph_2_8;ph_3_8;ph_4_8;babble_p_9;ph_0_10;ph_1_10;ph_2_10;ph_3_10;ph_0_7;ph_0_11;book;toy;cup"
2026-08-22 21:56:40,21,"ph_1_3",0.918765,1,0.895833,0,5,"<SELF>;look;ph_0_0;ph_1_0;mama;ph_0_3;ph_2_3;ph_4_3;ph_2_0;ph_1_2;ph_2_2;ph_3_2;ph_4_2;babble_d_3;ph_0_4;ph_3_4;babble_o_6;babble_m_6;ph_1_6;ph_2_6;ball;ph_0_8;ph_1_8;ph_2_8;ph_3_8;ph_4_8;babble_p_9;ph_0_10;ph_1_10;ph_2_10;ph_3_10;ph_0_7;ph_0_11;book;toy;cup"
2026-08-22 21:56:40,33,"gaga",0.0306001,2,0.895325,0,5,"<SELF>;look;ph_0_0;ph_1_0;mama;ph_0_3;ph_1_3;ph_2_3;ph_4_3;ph_2_0;ph_1_2;ph_2_2;ph_3_2;ph_4_2;babble_d_3;ph_0_4;ph_3_4;babble_o_6;babble_m_6;ph_1_6;ph_2_6;ball;ph_0_8;ph_1_8;ph_2_8;ph_3_8;ph_4_8;babble_p_9;ph_0_10;ph_1_10;ph_2_10;ph_3_10;ph_0_7;ph_0_11;book;toy;cup"
2026-08-22 21:56:40,49,"ph_1_8",0.304851,1,0.861111,0,5,"<SELF>;look;ph_0_0;ph_1_0;mama;ph_0_3;ph_1_3;ph_2_3;ph_4_3;ph_2_0;ph_1_2;ph_2_2;ph_3_2;ph_4_2;babble_d_3;ph_0_4;ph_3_4;babble_o_6;babble_m_6;ph_1_6;ph_2_6;ball;ph_0_8;ph_2_8;ph_3_8;ph_4_8;babble_p_9;ph_0_10;ph_1_10;ph_2_10;ph_3_10;ph_0_7;ph_0_11;book;toy;cup"
2026-08-22 21:56:40,62,"hi",0.0324201,2,0.861111,0,5,"<SELF>;look;ph_0_0;ph_1_0;mama;ph_0_3;ph_1_3;ph_2_3;ph_4_3;ph_2_0;ph_1_2;ph_2_2;ph_3_2;ph_4_2;babble_d_3;ph_0_4;ph_3_4;babble_o_6;babble_m_6;ph_1_6;ph_2_6;ball;ph_0_8;ph_1_8;ph_2_8;ph_3_8;ph_4_8;babble_p_9;ph_0_10;ph_1_10;ph_2_10;ph_3_10;ph_0_7;ph_0_11;book;toy;cup"
2026-08-22 21:56:40,72,"want",0.0396884,1,0.583333,0,5,"<SELF>;look;ph_0_0;ph_1_0;mama;ph_0_3;ph_1_3;ph_2_3;ph_4_3;ph_2_0;ph_1_2;ph_2_2;ph_3_2;ph_4_2;babble_d_3;ph_0_4;ph_3_4;babble_o_6;babble_m_6;ph_1_6;ph_2_6;ball;ph_0_8;ph_1_8;ph_2_8;ph_3_8;ph_4_8;babble_p_9;ph_0_10;ph_1_10;ph_2_10;ph_3_10;ph_0_7;ph_0_11;book;toy;cup"
2026-08-22 21:56:40,27,"ph_2_0",0.786435,1,0.833333,0,5,"<SELF>;look;ph_0_0;ph_1_0;mama;ph_0_3;ph_1_3;ph_2_3;ph_4_3;ph_1_2;ph_2_2;ph_3_2;ph_4_2;babble_d_3;ph_0_4;ph_3_4;babble_o_6;babble_m_6;ph_1_6;ph_2_6;ball;ph_0_8;ph_1_8;ph_2_8;ph_3_8;ph_4_8;babble_p_9;ph_0_10;ph_1_10;ph_2_10;ph_3_10;ph_0_7;ph_0_11;book;toy;cup"
2026-08-22 21:56:40,40,"ph_3_4",0.218298,1,0.833333,0,5,"<SELF>;look;ph_0_0;ph_1_0;mama;ph_0_3;ph_1_3;ph_2_3;ph_4_3;ph_2_0;ph_1_2;ph_2_2;ph_3_2;ph_4_2;babble_d_3;ph_0_4;babble_o_6;babble_m_6;ph_1_6;ph_2_6;ball;ph_0_8;ph_1_8;ph_2_8;ph_3_8;ph_4_8;babble_p_9;ph_0_10;ph_1_10;ph_2_10;ph_3_10;ph_0_7;ph_0_11;book;toy;cup"
2026-08-22 21:56:40,56,"ph_0_10",0.341369,1,0.75,0,5,"<SELF>;look;ph_0_0;ph_1_0;mama;ph_0_3;ph_1_3;ph_2_3;ph_4_3;ph_2_0;ph_1_2;ph_2_2;ph_3_2;ph_4_2;babble_d_3;ph_0_4;ph_3_4;babble_o_6;babble_m_6;ph_1_6;ph_2_6;ball;ph_0_8;ph_1_8;ph_2_8;ph_3_8;ph_4_8;babble_p_9;ph_1_10;ph_2_10;ph_3_10;ph_0_7;ph_0_11;book;toy;cup"
2026-08-22 21:56:40,66,"toy",0.994559,1,0.722222,0.268958,5,"<SELF>;look;ph_0_0;ph_1_0;mama;ph_0_3;ph_1_3;ph_2_3;ph_4_3;ph_2_0;ph_1_2;ph_2_2;ph_3_2;ph_4_2;babble_d_3;ph_0_4;ph_3_4;babble_o_6;babble_m_6;ph_1_6;ph_2_6;ball;ph_0_8;ph_1_8;ph_2_8;ph_3_8;ph_4_8;babble_p_9;ph_0_10;ph_1_10;ph_2_10;ph_3_10;ph_0_7;ph_0_11;book;cup"
2026-08-22 21:56:40,19,"mama",1,1,0.833333,0.256211,5,"<SELF>;look;ph_0_0;ph_1_0;ph_0_3;ph_1_3;ph_2_3;ph_4_3;ph_2_0;ph_1_2;ph_2_2;ph_3_2;ph_4_2;babble_d_3;ph_0_4;ph_3_4;babble_o_6;babble_m_6;ph_1_6;ph_2_6;ball;ph_0_8;ph_1_8;ph_2_8;ph_3_8;ph_4_8;babble_p_9;ph_0_10;ph_1_10;ph_2_10;ph_3_10;ph_0_7;ph_0_11;book;toy;cup"
2026-08-22 21:56:40,31,"ph_3_2",0.382182,1,0.833333,0,5,"<SELF>;look;ph_0_0;ph_1_0;mama;ph_0_3;ph_1_3;ph_2_3;ph_4_3;ph_2_0;ph_1_2;ph_2_2;ph_4_2;babble_d_3;ph_0_4;ph_3_4;babble_o_6;babble_m_6;ph_1_6;ph_2_6;ball;ph_0_8;ph_1_8;ph_2_8;ph_3_8;ph_4_8;babble_p_9;ph_0_10;ph_1_10;ph_2_10;ph_3_10;ph_0_7;ph_0_11;book;toy;cup"
2026-08-22 21:56:40,47,"ball",1,1,0.722222,0.267506,5,"<SELF>;look;ph_0_0;ph_1_0;mama;ph_0_3;ph_1_3;ph_2_3;ph_4_3;ph_2_0;ph_1_2;ph_2_2;ph_3_2;ph_4_2;babble_d_3;ph_0_4;ph_3_4;babble_o_6;babble_m_6;ph_1_6;ph_2_6;ph_0_8;ph_1_8;ph_2_8;ph_3_8;ph_4_8;babble_p_9;ph_0_10;ph_1_10;ph_2_10;ph_3_10;ph_0_7;ph_0_11;book;toy;cup"
2026-08-22 21:56:40,60,"papa",0.0343707,2,0.772727,0,5,"<SELF>;look;ph_0_0;ph_1_0;mama;ph_0_3;ph_1_3;ph_2_3;ph_4_3;ph_2_0;ph_1_2;ph_2_2;ph_3_2;ph_4_2;babble_d_3;ph_0_4;ph_3_4;babble_o_6;babble_m_6;ph_1_6;ph_2_6;ball;ph_0_8;ph_1_8;ph_2_8;ph_3_8;ph_4_8;babble_p_9;ph_0_10;ph_1_10;ph_2_10;ph_3_10;ph_0_7;ph_0_11;book;toy;cup"
2026-08-22 21:56:40,70,"please",0.0596884,3,0.583333,0,5,"<SELF>;look;ph_0_0;ph_1_0;mama;ph_0_3;ph_1_3;ph_2_3;ph_4_3;ph_2_0;ph_1_2;ph_2_2;ph_3_2;ph_4_2;babble_d_3;ph_0_4;ph_3_4;babble_o_6;babble_m_6;ph_1_6;ph_2_6;ball;ph_0_8;ph_1_8;ph_2_8;ph_3_8;ph_4_8;babble_p_9;ph_0_10;ph_1_10;ph_2_10;ph_3_10;ph_0_7;ph_0_11;book;toy;cup"
2026-08-22 21:56:40,23,"ph_3_3",0.0974328,1,0.772727,0,5,"<SELF>;look;ph_0_0;ph_1_0;mama;ph_0_3;ph_1_3;ph_2_3;ph_4_3;ph_2_0;ph_1_2;ph_2_2;ph_3_2;ph_4_2;babble_d_3;ph_0_4;ph_3_4;babble_o_6;babble_m_6;ph_1_6;ph_2_6;ball;ph_0_8;ph_1_8;ph_2_8;ph_3_8;ph_4_8;babble_p_9;ph_0_10;ph_1_10;ph_2_10;ph_3_10;ph_0_7;ph_0_11;book;toy;cup"
2026-08-22 21:56:40,38,"ph_1_4",0.0710369,1,0.772727,0,5,"<SELF>;look;ph_0_0;ph_1_0;mama;ph_0_3;ph_1_3;ph_2_3;ph_4_3;ph_2_0;ph_1_2;ph_2_2;ph_3_2;ph_4_2;babble_d_3;ph_0_4;ph_3_4;babble_o_6;babble_m_6;ph_1_6;ph_2_6;ball;ph_0_8;ph_1_8;ph_2_8;ph_3_8;ph_4_8;babble_p_9;ph_0_10;ph_1_10;ph_2_10;ph_3_10;ph_0_7;ph_0_11;book;toy;cup"
2026-08-22 21:56:40,51,"ph_3_8",0.617498,1,0.75,0,5,"<SELF>;look;ph_0_0;ph_1_0;mama;ph_0_3;ph_1_3;ph_2_3;ph_4_3;ph_2_0;ph_1_2;ph_2_2;ph_3_2;ph_4_2;babble_d_3;ph_0_4;ph_3_4;babble_o_6;babble_m_6;ph_1_6;ph_2_6;ball;ph_0_8;ph_1_8;ph_2_8;ph_4_8;babble_p_9;ph_0_10;ph_1_10;ph_2_10;ph_3_10;ph_0_7;ph_0_11;book;toy;cup"
2026-08-22 21:56:40,64,"ph_0_15",0.0183121,1,0.722222,0,5,"<SELF>;look;ph_0_0;ph_1_0;mama;ph_0_3;ph_1_3;ph_2_3;ph_4_3;ph_2_0;ph_1_2;ph_2_2;ph_3_2;ph_4_2;babble_d_3;ph_0_4;ph_3_4;babble_o_6;babble_m_6;ph_1_6;ph_2_6;ball;ph_0_8;ph_1_8;ph_2_8;ph_3_8;ph_4_8;babble_p_9;ph_0_10;ph_1_10;ph_2_10;ph_3_10;ph_0_7;ph_0_11;book;toy;cup"
2026-08-22 21:56:40,17,"ph_1_0",0.298016,1,0.807692,0,5,"<SELF>;look;ph_0_0;mama;ph_0_3;ph_1_3;ph_2_3;ph_4_3;ph_2_0;ph_1_2;ph_2_2;ph_3_2;ph_4_2;babble_d_3;ph_0_4;ph_3_4;babble_o_6;babble_m_6;ph_1_6;ph_2_6;ball;ph_0_8;ph_1_8;ph_2_8;ph_3_8;ph_4_8;babble_p_9;ph_0_10;ph_1_10;ph_2_10;ph_3_10;ph_0_7;ph_0_11;book;toy;cup"
2026-08-22 21:56:40,29,"ph_1_2",0.534024,1,0.772727,0,5,"<SELF>;look;ph_0_0;ph_1_0;mama;ph_0_3;ph_1_3;ph_2_3;ph_4_3;ph_2_0;ph_2_2;ph_3_2;ph_4_2;babble_d_3;ph_0_4;ph_3_4;babble_o_6;babble_m_6;ph_1_6;ph_2_6;ball;ph_0_8;ph_1_8;ph_2_8;ph_3_8;ph_4_8;babble_p_9;ph_0_10;ph_1_10;ph_2_10;ph_3_10;ph_0_7;ph_0_11;book;toy;cup"
2026-08-22 21:56:40,45,"ph_1_6",0.757869,1,0.75,0,5,"<SELF>;look;ph_0_0;ph_1_0;mama;ph_0_3;ph_1_3;ph_2_3;ph_4_3;ph_2_0;ph_1_2;ph_2_2;ph_3_2;ph_4_2;babble_d_3;ph_0_4;ph_3_4;babble_o_6;babble_m_6;ph_2_6;ball;ph_0_8;ph_1_8;ph_2_8;ph_3_8;ph_4_8;babble_p_9;ph_0_10;ph_1_10;ph_2_10;ph_3_10;ph_0_7;ph_0_11;book;toy;cup"
2026-08-22 21:56:40,58,"ph_2_10",0.880002,1,0.772727,0,5,"<SELF>;look;ph_0_0;ph_1_0;mama;ph_0_3;ph_1_3;ph_2_3;ph_4_3;ph_2_0;ph_1_2;ph_2_2;ph_3_2;ph_4_2;babble_d_3;ph_0_4;ph_3_4;babble_o_6;babble_m_6;ph_1_6;ph_2_6;ball;ph_0_8;ph_1_8;ph_2_8;ph_3_8;ph_4_8;babble_p_9;ph_0_10;ph_1_10;ph_3_10;ph_0_7;ph_0_11;book;toy;cup"
2026-08-22 21:56:40,68,"like",0.0476016,2,0.641357,0,5,"<SELF>;look;ph_0_0;ph_1_0;mama;ph_0_3;ph_1_3;ph_2_3;ph_4_3;ph_2_0;ph_1_2;ph_2_2;ph_3_2;ph_4_2;babble_d_3;ph_0_4;ph_3_4;babble_o_6;babble_m_6;ph_1_6;ph_2_6;ball;ph_0_8;ph_1_8;ph_2_8;ph_3_8;ph_4_8;babble_p_9;ph_0_10;ph_1_10;ph_2_10;ph_3_10;ph_0_7;ph_0_11;book;toy;cup"
2026-08-22 21:56:40,21,"ph_1_3",0.918765,1,0.9,0,5,"<SELF>;look;ph_0_0;ph_1_0;mama;ph_0_3;ph_2_3;ph_4_3;ph_2_0;ph_1_2;ph_2_2;ph_3_2;ph_4_2;babble_d_3;ph_0_4;ph_3_4;babble_o_6;babble_m_6;ph_1_6;ph_2_6;ball;ph_0_8;ph_1_8;ph_2_8;ph_3_8;ph_4_8;babble_p_9;ph_0_10;ph_1_10;ph_2_10;ph_3_10;ph_0_7;ph_0_11;book;toy;cup"
2026-08-22 21:56:40,33,"gaga",0.0306001,2,0.899514,0,5,"<SELF>;look;ph_0_0;ph_1_0;mama;ph_0_3;ph_1_3;ph_2_3;ph_4_3;ph_2_0;ph_1_2;ph_2_2;ph_3_2;ph_4_2;babble_d_3;ph_0_4;ph_3_4;babble_o_6;babble_m_6;ph_1_6;ph_2_6;ball;ph_0_8;ph_1_8;ph_2_8;ph_3_8;ph_4_8;babble_p_9;ph_0_10;ph_1_10;ph_2_10;ph_3_10;ph_0_7;ph_0_11;book;toy;cup"
2026-08-22 21:56:40,49,"ph_1_8",0.304851,1,0.868421,0,5,"<SELF>;look;ph_0_0;ph_1_0;mama;ph_0_3;ph_1_3;ph_2_3;ph_4_3;ph_2_0;ph_1_2;ph_2_2;ph_3_2;ph_4_2;babble_d_3;ph_0_4;ph_3_4;babble_o_6;babble_m_6;ph_1_6;ph_2_6;ball;ph_0_8;ph_2_8;ph_3_8;ph_4_8;babble_p_9;ph_0_10;ph_1_10;ph_2_10;ph_3_10;ph_0_7;ph_0_11;book;toy;cup"
2026-08-22 21:56:40,62,"hi",0.0324201,2,0.868421,0,5,"<SELF>;look;ph_0_0;ph_1_0;mama;ph_0_3;ph_1_3;ph_2_3;ph_4_3;ph_2_0;ph_1_2;ph_2_2;ph_3_2;ph_4_2;babble_d_3;ph_0_4;ph_3_4;babble_o_6;babble_m_6;ph_1_6;ph_2_6;ball;ph_0_8;ph_1_8;ph_2_8;ph_3_8;ph_4_8;babble_p_9;ph_0_10;ph_1_10;ph_2_10;ph_3_10;ph_0_7;ph_0_11;book;toy;cup"
2026-08-22 21:56:40,72,"want",0.0396884,1,0.642857,0,5,"<SELF>;look;ph_0_0;ph_1_0;mama;ph_0_3;ph_1_3;ph_2_3;ph_4_3;ph_2_0;ph_1_2;ph_2_2;ph_3_2;ph_4_2;babble_d_3;ph_0_4;ph_3_4;babble_o_6;babble_m_6;ph_1_6;ph_2_6;ball;ph_0_8;ph_1_8;ph_2_8;ph_3_8;ph_4_8;babble_p_9;ph_0_10;ph_1_10;ph_2_10;ph_3_10;ph_0_7;ph_0_11;book;toy;cup"
2026-08-22 21:56:40,27,"ph_2_0",0.786435,1,0.84375,0,5,"<SELF>;look;ph_0_0;ph_1_0;mama;ph_0_3;ph_1_3;ph_2_3;ph_4_3;ph_1_2;ph_2_2;ph_3_2;ph_4_2;babble_d_3;ph_0_4;ph_3_4;babble_o_6;babble_m_6;ph_1_6;ph_2_6;ball;ph_0_8;ph_1_8;ph_2_8;ph_3_8;ph_4_8;babble_p_9;ph_0_10;ph_1_10;ph_2_10;ph_3_10;ph_0_7;ph_0_11;book;toy;cup"
2026-08-22 21:56:40,40,"ph_3_4",0.218298,1,0.84375,0,5,"<SELF>;look;ph_0_0;ph_1_0;mama;ph_0_3;ph_1_3;ph_2_3;ph_4_3;ph_2_0;ph_1_2;ph_2_2;ph_3_2;ph_4_2;babble_d_3;ph_0_4;babble_o_6;babble_m_6;ph_1_6;ph_2_6;ball;ph_0_8;ph_1_8;ph_2_8;ph_3_8;ph_4_8;babble_p_9;ph_0_10;ph_1_10;ph_2_10;ph_3_10;ph_0_7;ph_0_11;book;toy;cup"
2026-08-22 21:56:40,56,"ph_0_10",0.341369,1,0.772727,0,5,"<SELF>;look;ph_0_0;ph_1_0;mama;ph_0_3;ph_1_3;ph_2_3;ph_4_3;ph_2_0;ph_1_2;ph_2_2;ph_3_2;ph_4_2;babble_d_3;ph_0_4;ph_3_4;babble_o_6;babble_m_6;ph_1_6;ph_2_6;ball;ph_0_8;ph_1_8;ph_2_8;ph_3_8;ph_4_8;babble_p_9;ph_1_10;ph_2_10;ph_3_10;ph_0_7;ph_0_11;book;toy;cup"
2026-08-22 21:56:40,66,"toy",0.994559,1,0.75,0.268958,5,"<SELF>;look;ph_0_0;ph_1_0;mama;ph_0_3;ph_1_3;ph_2_3;ph_4_3;ph_2_0;ph_1_2;ph_2_2;ph_3_2;ph_4_2;babble_d_3;ph_0_4;ph_3_4;babble_o_6;babble_m_6;ph_1_6;ph_2_6;ball;ph_0_8;ph_1_8;ph_2_8;ph_3_8;ph_4_8;babble_p_9;ph_0_10;ph_1_10;ph_2_10;ph_3_10;ph_0_7;ph_0_11;book;cup"
2026-08-22 21:56:40,19,"mama",1,1,0.84375,0.256211,5,"<SELF>;look;ph_0_0;ph_1_0;ph_0_3;ph_1_3;ph_2_3;ph_4_3;ph_2_0;ph_1_2;ph_2_2;ph_3_2;ph_4_2;babble_d_3;ph_0_4;ph_3_4;babble_o_6;babble_m_6;ph_1_6;ph_2_6;ball;ph_0_8;ph_1_8;ph_2_8;ph_3_8;ph_4_8;babble_p_9;ph_0_10;ph_1_10;ph_2_10;ph_3_10;ph_0_7;ph_0_11;book;toy;cup"
2026-08-22 21:56:40,31,"ph_3_2",0.382182,1,0.84375,0,5,"<SELF>;look;ph_0_0;ph_1_0;mama;ph_0_3;ph_1_3;ph_2_3;ph_4_3;ph_2_0;ph_1_2;ph_2_2;ph_4_2;babble_d_3;ph_0_4;ph_3_4;babble_o_6;babble_m_6;ph_1_6;ph_2_6;ball;ph_0_8;ph_1_8;ph_2_8;ph_3_8;ph_4_8;babble_p_9;ph_0_10;ph_1_10;ph_2_10;ph_3_10;ph_0_7;ph_0_11;book;toy;cup"
2026-08-22 21:56:40,47,"ball",1,1,0.75,0.267506,5,"<SELF>;look;ph_0_0;ph_1_0;mama;ph_0_3;ph_1_3;ph_2_3;ph_4_3;ph_2_0;ph_1_2;ph_2_2;ph_3_2;ph_4_2;babble_d_3;ph_0_4;ph_3_4;babble_o_6;babble_m_6;ph_1_6;ph_2_6;ph_0_8;ph_1_8;ph_2_8;ph_3_8;ph_4_8;babble_p_9;ph_0_10;ph_1_10;ph_2_10;ph_3_10;ph_0_7;ph_0_11;book;toy;cup"
2026-08-22 21:56:40,60,"papa",0.0343707,2,0.791667,0,5,"<SELF>;look;ph_0_0;ph_1_0;mama;ph_0_3;ph_1_3;ph_2_3;ph_4_3;ph_2_0;ph_1_2;ph_2_2;ph_3_2;ph_4_2;babble_d_3;ph_0_4;ph_3_4;babble_o_6;babble_m_6;ph_1_6;ph_2_6;ball;ph_0_8;ph_1_8;ph_2_8;ph_3_8;ph_4_8;babble_p_9;ph_0_10;ph_1_10;ph_2_10;ph_3_10;ph_0_7;ph_0_11;book;toy;cup"
2026-08-22 21:56:40,70,"please",0.0696884,4,0.642857,0,5,"<SELF>;look;ph_0_0;ph_1_0;mama;ph_0_3;ph_1_3;ph_2_3;ph_4_3;ph_2_0;ph_1_2;ph_2_2;ph_3_2;ph_4_2;babble_d_3;ph_0_4;ph_3_4;babble_o_6;babble_m_6;ph_1_6;ph_2_6;ball;ph_0_8;ph_1_8;ph_2_8;ph_3_8;ph_4_8;babble_p_9;ph_0_10;ph_1_10;ph_2_10;ph_3_10;ph_0_7;ph_0_11;book;toy;cup"
2026-08-22 21:56:40,23,"ph_3_3",0.0974328,1,0.791667,0,5,"<SELF>;look;ph_0_0;ph_1_0;mama;ph_0_3;ph_1_3;ph_2_3;ph_4_3;ph_2_0;ph_1_2;ph_2_2;ph_3_2;ph_4_2;babble_d_3;ph_0_4;ph_3_4;babble_o_6;babble_m_6;ph_1_6;ph_2_6;ball;ph_0_8;ph_1_8;ph_2_8;ph_3_8;ph_4_8;babble_p_9;ph_0_10;ph_1_10;ph_2_10;ph_3_10;ph_0_7;ph_0_11;book;toy;cup"
2026-08-22 21:56:40,38,"ph_1_4",0.0710369,1,0.791667,0,5,"<SELF>;look;ph_0_0;ph_1_0;mama;ph_0_3;ph_1_3;ph_2_3;ph_4_3;ph_2_0;ph_1_2;ph_2_2;ph_3_2;ph_4_2;babble_d_3;ph_0_4;ph_3_4;babble_o_6;babble_m_6;ph_1_6;ph_2_6;ball;ph_0_8;ph_1_8;ph_2_8;ph_3_8;ph_4_8;babble_p_9;ph_0_10;ph_1_10;ph_2_10;ph_3_10;ph_0_7;ph_0_11;book;toy;cup"
2026-08-22 21:56:40,51,"ph_3_8",0.617498,1,0.772727,0,5,"<SELF>;look;ph_0_0;ph_1_0;mama;ph_0_3;ph_1_3;ph_2_3;ph_4_3;ph_2_0;ph_1_2;ph_2_2;ph_3_2;ph_4_2;babble_d_3;ph_0_4;ph_3_4;babble_o_6;babble_m_6;ph_1_6;ph_2_6;ball;ph_0_8;ph_1_8;ph_2_8;ph_4_8;babble_p_9;ph_0_10;ph_1_10;ph_2_10;ph_3_10;ph_0_7;ph_0_11;book;toy;cup"
2026-08-22 21:56:40,64,"ph_0_15",0.0183121,1,0.75,0,5,"<SELF>;look;ph_0_0;ph_1_0;mama;ph_0_3;ph_1_3;ph_2_3;ph_4_3;ph_2_0;ph_1_2;ph_2_2;ph_3_2;ph_4_2;babble_d_3;ph_0_4;ph_3_4;babble_o_6;babble_m_6;ph_1_6;ph_2_6;ball;ph_0_8;ph_1_8;ph_2_8;ph_3_8;ph_4_8;babble_p_9;ph_0_10;ph_1_10;ph_2_10;ph_3_10;ph_0_7;ph_0_11;book;toy;cup"
2026-08-22 21:56:40,17,"ph_1_0",0.298016,1,0.821429,0,5,"<SELF>;look;ph_0_0;mama;ph_0_3;ph_1_3;ph_2_3;ph_4_3;ph_2_0;ph_1_2;ph_2_2;ph_3_2;ph_4_2;babble_d_3;ph_0_4;ph_3_4;babble_o_6;babble_m_6;ph_1_6;ph_2_6;ball;ph_0_8;ph_1_8;ph_2_8;ph_3_8;ph_4_8;babble_p_9;ph_0_10;ph_1_10;ph_2_10;ph_3_10;ph_0_7;ph_0_11;book;toy;cup"
2026-08-22 21:56:40,29,"ph_1_2",0.534024,1,0.791667,0,5,"<SELF>;look;ph_0_0;ph_1_0;mama;ph_0_3;ph_1_3;ph_2_3;ph_4_3;ph_2_0;ph_2_2;ph_3_2;ph_4_2;babble_d_3;ph_0_4;ph_3_4;babble_o_6;babble_m_6;ph_1_6;ph_2_6;ball;ph_0_8;ph_1_8;ph_2_8;ph_3_8;ph_4_8;babble_p_9;ph_0_10;ph_1_10;ph_2_10;ph_3_10;ph_0_7;ph_0_11;book;toy;cup"
2026-08-22 21:56:40,45,"ph_1_6",0.757869,1,0.772727,0,5,"<SELF>;look;ph_0_0;ph_1_0;mama;ph_0_3;ph_1_3;ph_2_3;ph_4_3;ph_2_0;ph_1_2;ph_2_2;ph_3_2;ph_4_2;babble_d_3;ph_0_4;ph_3_4;babble_o_6;babble_m_6;ph_2_6;ball;ph_0_8;ph_1_8;ph_2_8;ph_3_8;ph_4_8;babble_p_9;ph_0_10;ph_1_10;ph_2_10;ph_3_10;ph_0_7;ph_0_11;book;toy;cup"
2026-08-22 21:56:40,58,"ph_2_10",0.880002,1,0.791667,0,5,"<SELF>;look;ph_0_0;ph_1_0;mama;ph_0_3;ph_1_3;ph_2_3;ph_4_3;ph_2_0;ph_1_2;ph_2_2;ph_3_2;ph_4_2;babble_d_3;ph_0_4;ph_3_4;babble_o_6;babble_m_6;ph_1_6;ph_2_6;ball;ph_0_8;ph_1_8;ph_2_8;ph_3_8;ph_4_8;babble_p_9;ph_0_10;ph_1_10;ph_3_10;ph_0_7;ph_0_11;book;toy;cup"
2026-08-22 21:56:40,68,"like",0.0476016,2,0.686167,0,5,"<SELF>;look;ph_0_0;ph_1_0;mama;ph_0_3;ph_1_3;ph_2_3;ph_4_3;ph_2_0;ph_1_2;ph_2_2;ph_3_2;ph_4_2;babble_d_3;ph_0_4;ph_3_4;babble_o_6;babble_m_6;ph_1_6;ph_2_6;ball;ph_0_8;ph_1_8;ph_2_8;ph_3_8;ph_4_8;babble_p_9;ph_0_10;ph_1_10;ph_2_10;ph_3_10;ph_0_7;ph_0_11;book;toy;cup"
2026-08-22 21:56:40,21,"ph_1_3",0.918765,1,0.903846,0,5,"<SELF>;look;ph_0_0;ph_1_0;mama;ph_0_3;ph_2_3;ph_4_3;ph_2_0;ph_1_2;ph_2_2;ph_3_2;ph_4_2;babble_d_3;ph_0_4;ph_3_4;babble_o_6;babble_m_6;ph_1_6;ph_2_6;ball;ph_0_8;ph_1_8;ph_2_8;ph_3_8;ph_4_8;babble_p_9;ph_0_10;ph_1_10;ph_2_10;ph_3_10;ph_0_7;ph_0_11;book;toy;cup"
2026-08-22 21:56:40,33,"gaga",0.0306001,2,0.903381,0,5,"<SELF>;look;ph_0_0;ph_1_0;mama;ph_0_3;ph_1_3;ph_2_3;ph_4_3;ph_2_0;ph_1_2;ph_2_2;ph_3_2;ph_4_2;babble_d_3;ph_0_4;ph_3_4;babble_o_6;babble_m_6;ph_1_6;ph_2_6;ball;ph_0_8;ph_1_8;ph_2_8;ph_3_8;ph_4_8;babble_p_9;ph_0_10;ph_1_10;ph_2_10;ph_3_10;ph_0_7;ph_0_11;book;toy;cup"
2026-08-22 21:56:40,49,"ph_1_8",0.304851,1,0.875,0,5,"<SELF>;look;ph_0_0;ph_1_0;mama;ph_0_3;ph_1_3;ph_2_3;ph_4_3;ph_2_0;ph_1_2;ph_2_2;ph_3_2;ph_4_2;babble_d_3;ph_0_4;ph_3_4;babble_o_6;babble_m_6;ph_1_6;ph_2_6;ball;ph_0_8;ph_2_8;ph_3_8;ph_4_8;babble_p_9;ph_0_10;ph_1_10;ph_2_10;ph_3_10;ph_0_7;ph_0_11;book;toy;cup"
2026-08-22 21:56:40,62,"hi",0.0324201,2,0.875,0,5,"<SELF>;look;ph_0_0;ph_1_0;mama;ph_0_3;ph_1_3;ph_2_3;ph_4_3;ph_2_0;ph_1_2;ph_2_2;ph_3_2;ph_4_2;babble_d_3;ph_0_4;ph_3_4;babble_o_6;babble_m_6;ph_1_6;ph_2_6;ball;ph_0_8;ph_1_8;ph_2_8;ph_3_8;ph_4_8;babble_p_9;ph_0_10;ph_1_10;ph_2_10;ph_3_10;ph_0_7;ph_0_11;book;toy;cup"
2026-08-22 21:56:40,72,"want",0.0396884,1,0.6875,0,5,"<SELF>;look;ph_0_0;ph_1_0;mama;ph_0_3;ph_1_3;ph_2_3;ph_4_3;ph_2_0;ph_1_2;ph_2_2;ph_3_2;ph_4_2;babble_d_3;ph_0_4;ph_3_4;babble_o_6;babble_m_6;ph_1_6;ph_2_6;ball;ph_0_8;ph_1_8;ph_2_8;ph_3_8;ph_4_8;babble_p_9;ph_0_10;ph_1_10;ph_2_10;ph_3_10;ph_0_7;ph_0_11;book;toy;cup"
2026-08-22 21:56:40,27,"ph_2_0",0.786435,1,0.852941,0,5,"<SELF>;look;ph_0_0;ph_1_0;mama;ph_0_3;ph_1_3;ph_2_3;ph_4_3;ph_1_2;ph_2_2;ph_3_2;ph_4_2;babble_d_3;ph_0_4;ph_3_4;babble_o_6;babble_m_6;ph_1_6;ph_2_6;ball;ph_0_8;ph_1_8;ph_2_8;ph_3_8;ph_4_8;babble_p_9;ph_0_10;ph_1_10;ph_2_10;ph_3_10;ph_0_7;ph_0_11;book;toy;cup"
2026-08-22 21:56:40,40,"ph_3_4",0.218298,1,0.852941,0,5,"<SELF>;look;ph_0_0;ph_1_0;mama;ph_0_3;ph_1_3;ph_2_3;ph_4_3;ph_2_0;ph_1_2;ph_2_2;ph_3_2;ph_4_2;babble_d_3;ph_0_4;babble_o_6;babble_m_6;ph_1_6;ph_2_6;ball;ph_0_8;ph_1_8;ph_2_8;ph_3_8;ph_4_8;babble_p_9;ph_0_10;ph_1_10;ph_2_10;ph_3_10;ph_0_7;ph_0_11;book;toy;cup"
2026-08-22 21:56:40,56,"ph_0_10",0.341369,1,0.791667,0,5,"<SELF>;look;ph_0_0;ph_1_0;mama;ph_0_3;ph_1_3;ph_2_3;ph_4_3;ph_2_0;ph_1_2;ph_2_2;ph_3_2;ph_4_2;babble_d_3;ph_0_4;ph_3_4;babble_o_6;babble_m_6;ph_1_6;ph_2_6;ball;ph_0_8;ph_1_8;ph_2_8;ph_3_8;ph_4_8;babble_p_9;ph_1_10;ph_2_10;ph_3_10;ph_0_7;ph_0_11;book;toy;cup"
2026-08-22 21:56:40,66,"toy",0.994559,1,0.772727,0.268958,5,"<SELF>;look;ph_0_0;ph_1_0;mama;ph_0_3;ph_1_3;ph_2_3;ph_4_3;ph_2_0;ph_1_2;ph_2_2;ph_3_2;ph_4_2;babble_d_3;ph_0_4;ph_3_4;babble_o_6;babble_m_6;ph_1_6;ph_2_6;ball;ph_0_8;ph_1_8;ph_2_8;ph_3_8;ph_4_8;babble_p_9;ph_0_10;ph_1_10;ph_2_10;ph_3_10;ph_0_7;ph_0_11;book;cup"
2026-08-22 21:56:40,19,"mama",1,1,0.852941,0.256211,5,"<SELF>;look;ph_0_0;ph_1_0;ph_0_3;ph_1_3;ph_2_3;ph_4_3;ph_2_0;ph_1_2;ph_2_2;ph_3_2;ph_4_2;babble_d_3;ph_0_4;ph_3_4;babble_o_6;babble_m_6;ph_1_6;ph_2_6;ball;ph_0_8;ph_1_8;ph_2_8;ph_3_8;ph_4_8;babble_p_9;ph_0_10;ph_1_10;ph_2_10;ph_3_10;ph_0_7;ph_0_11;book;toy;cup"
2026-08-22 21:56:40,31,"ph_3_2",0.382182,1,0.852941,0,5,"<SELF>;look;ph_0_0;ph_1_0;mama;ph_0_3;ph_1_3;ph_2_3;ph_4_3;ph_2_0;ph_1_2;ph_2_2;ph_4_2;babble_d_3;ph_0_4;ph_3_4;babble_o_6;babble_m_6;ph_1_6;ph_2_6;ball;ph_0_8;ph_1_8;ph_2_8;ph_3_8;ph_4_8;babble_p_9;ph_0_10;ph_1_10;ph_2_10;ph_3_10;ph_0_7;ph_0_11;book;toy;cup"
2026-08-22 21:56:40,47,"ball",1,1,0.772727,0.267506,5,"<SELF>;look;ph_0_0;ph_1_0;mama;ph_0_3;ph_1_3;ph_2_3;ph_4_3;ph_2_0;ph_1_2;ph_2_2;ph_3_2;ph_4_2;babble_d_3;ph_0_4;ph_3_4;babble_o_6;babble_m_6;ph_1_6;ph_2_6;ph_0_8;ph_1_8;ph_2_8;ph_3_8;ph_4_8;babble_p_9;ph_0_10;ph_1_10;ph_2_10;ph_3_10;ph_0_7;ph_0_11;book;toy;cup"
2026-08-22 21:56:40,60,"papa",0.0343707,2,0.807692,0,5,"<SELF>;look;ph_0_0;ph_1_0;mama;ph_0_3;ph_1_3;ph_2_3;ph_4_3;ph_2_0;ph_1_2;ph_2_2;ph_3_2;ph_4_2;babble_d_3;ph_0_4;ph_3_4;babble_o_6;babble_m_6;ph_1_6;ph_2_6;ball;ph_0_8;ph_1_8;ph_2_8;ph_3_8;ph_4_8;babble_p_9;ph_0_10;ph_1_10;ph_2_10;ph_3_10;ph_0_7;ph_0_11;book;toy;cup"
2026-08-22 21:56:40,70,"please",0.0696884,4,0.686167,0,5,"<SELF>;look;ph_0_0;ph_1_0;mama;ph_0_3;ph_1_3;ph_2_3;ph_4_3;ph_2_0;ph_1_2;ph_2_2;ph_3_2;ph_4_2;babble_d_3;ph_0_4;ph_3_4;babble_o_6;babble_m_6;ph_1_6;ph_2_6;ball;ph_0_8;ph_1_8;ph_2_8;ph_3_8;ph_4_8;babble_p_9;ph_0_10;ph_1_10;ph_2_10;ph_3_10;ph_0_7;ph_0_11;book;toy;cup"
2026-08-22 21:56:40,23,"ph_3_3",0.0974328,1,0.807692,0,5,"<SELF>;look;ph_0_0;ph_1_0;mama;ph_0_3;ph_1_3;ph_2_3;ph_4_3;ph_2_0;ph_1_2;ph_2_2;ph_3_2;ph_4_2;babble_d_3;ph_0_4;ph_3_4;babble_o_6;babble_m_6;ph_1_6;ph_2_6;ball;ph_0_8;ph_1_8;ph_2_8;ph_3_8;ph_4_8;babble_p_9;ph_0_10;ph_1_10;ph_2_10;ph_3_10;ph_0_7;ph_0_11;book;toy;cup"
2026-08-22 21:56:40,38,"ph_1_4",0.0710369,1,0.807692,0,5,"<SELF>;look;ph_0_0;ph_1_0;mama;ph_0_3;ph_1_3;ph_2_3;ph_4_3;ph_2_0;ph_1_2;ph_2_2;ph_3_2;ph_4_2;babble_d_3;ph_0_4;ph_3_4;babble_o_6;babble_m_6;ph_1_6;ph_2_6;ball;ph_0_8;ph_1_8;ph_2_8;ph_3_8;ph_4_8;babble_p_9;ph_0_10;ph_1_10;ph_2_10;ph_3_10;ph_0_7;ph_0_11;book;toy;cup"
2026-08-22 21:56:40,51,"ph_3_8",0.617498,1,0.791667,0,5,"<SELF>;look;ph_0_0;ph_1_0;mama;ph_0_3;ph_1_3;ph_2_3;ph_4_3;ph_2_0;ph_1_2;ph_2_2;ph_3_2;ph_4_2;babble_d_3;ph_0_4;ph_3_4;babble_o_6;babble_m_6;ph_1_6;ph_2_6;ball;ph_0_8;ph_1_8;ph_2_8;ph_4_8;babble_p_9;ph_0_10;ph_1_10;ph_2_10;ph_3_10;ph_0_7;ph_0_11;book;toy;cup"
2026-08-22 21:56:40,64,"ph_0_15",0.0183121,1,0.772727,0,5,"<SELF>;look;ph_0_0;ph_1_0;mama;ph_0_3;ph_1_3;ph_2_3;ph_4_3;ph_2_0;ph_1_2;ph_2_2;ph_3_2;ph_4_2;babble_d_3;ph_0_4;ph_3_4;babble_o_6;babble_m_6;ph_1_6;ph_2_6;ball;ph_0_8;ph_1_8;ph_2_8;ph_3_8;ph_4_8;babble_p_9;ph_0_10;ph_1_10;ph_2_10;ph_3_10;ph_0_7;ph_0_11;book;toy;cup"
2026-08-22 21:56:40,17,"ph_1_0",0.298016,1,0.833333,0,5,"<SELF>;look;ph_0_0;mama;ph_0_3;ph_1_3;ph_2_3;ph_4_3;ph_2_0;ph_1_2;ph_2_2;ph_3_2;ph_4_2;babble_d_3;ph_0_4;ph_3_4;babble_o_6;babble_m_6;ph_1_6;ph_2_6;ball;ph_0_8;ph_1_8;ph_2_8;ph_3_8;ph_4_8;babble_p_9;ph_0_10;ph_1_10;ph_2_10;ph_3_10;ph_0_7;ph_0_11;book;toy;cup"
2026-08-22 21:56:40,29,"ph_1_2",0.534024,1,0.807692,0,5,"<SELF>;look;ph_0_0;ph_1_0;mama;ph_0_3;ph_1_3;ph_2_3;ph_4_3;ph_2_0;ph_2_2;ph_3_2;ph_4_2;babble_d_3;ph_0_4;ph_3_4;babble_o_6;babble_m_6;ph_1_6;ph_2_6;ball;ph_0_8;ph_1_8;ph_2_8;ph_3_8;ph_4_8;babble_p_9;ph_0_10;ph_1_10;ph_2_10;ph_3_10;ph_0_7;ph_0_11;book;toy;cup"
2026-08-22 21:56:40,45,"ph_1_6",0.757869,1,0.791667,0,5,"<SELF>;look;ph_0_0;ph_1_0;mama;ph_0_3;ph_1_3;ph_2_3;ph_4_3;ph_2_0;ph_1_2;ph_2_2;ph_3_2;ph_4_2;babble_d_3;ph_0_4;ph_3_4;babble_o_6;babble_m_6;ph_2_6;ball;ph_0_8;ph_1_8;ph_2_8;ph_3_8;ph_4_8;babble_p_9;ph_0_10;ph_1_10;ph_2_10;ph_3_10;ph_0_7;ph_0_11;book;toy;cup"
2026-08-22 21:56:40,58,"ph_2_10",0.880002,1,0.807692,0,5,"<SELF>;look;ph_0_0;ph_1_0;mama;ph_0_3;ph_1_3;ph_2_3;ph_4_3;ph_2_0;ph_1_2;ph_2_2;ph_3_2;ph_4_2;babble_d_3;ph_0_4;ph_3_4;babble_o_6;babble_m_6;ph_1_6;ph_2_6;ball;ph_0_8;ph_1_8;ph_2_8;ph_3_8;ph_4_8;babble_p_9;ph_0_10;ph_1_10;ph_3_10;ph_0_7;ph_0_11;book;toy;cup"
2026-08-22 21:56:40,68,"like",0.0476016,2,0.721097,0,5,"<SELF>;look;ph_0_0;ph_1_0;mama;ph_0_3;ph_1_3;ph_2_3;ph_4_3;ph_2_0;ph_1_2;ph_2_2;ph_3_2;ph_4_2;babble_d_3;ph_0_4;ph_3_4;babble_o_6;babble_m_6;ph_1_6;ph_2_6;ball;ph_0_8;ph_1_8;ph_2_8;ph_3_8;ph_4_8;babble_p_9;ph_0_10;ph_1_10;ph_2_10;ph_3_10;ph_0_7;ph_0_11;book;toy;cup"
2026-08-22 21:56:41,21,"ph_1_3",0.918765,1,0.907407,0,5,"<SELF>;look;ph_0_0;ph_1_0;mama;ph_0_3;ph_2_3;ph_4_3;ph_2_0;ph_1_2;ph_2_2;ph_3_2;ph_4_2;babble_d_3;ph_0_4;ph_3_4;babble_o_6;babble_m_6;ph_1_6;ph_2_6;ball;ph_0_8;ph_1_8;ph_2_8;ph_3_8;ph_4_8;babble_p_9;ph_0_10;ph_1_10;ph_2_10;ph_3_10;ph_0_7;ph_0_11;book;toy;cup"
2026-08-22 21:56:41,33,"gaga",0.0306001,2,0.906961,0,5,"<SELF>;look;ph_0_0;ph_1_0;mama;ph_0_3;ph_1_3;ph_2_3;ph_4_3;ph_2_0;ph_1_2;ph_2_2;ph_3_2;ph_4_2;babble_d_3;ph_0_4;ph_3_4;babble_o_6;babble_m_6;ph_1_6;ph_2_6;ball;ph_0_8;ph_1_8;ph_2_8;ph_3_8;ph_4_8;babble_p_9;ph_0_10;ph_1_10;ph_2_10;ph_3_10;ph_0_7;ph_0_11;book;toy;cup"
2026-08-22 21:56:41,49,"ph_1_8",0.304851,1,0.880952,0,5,"<SELF>;look;ph_0_0;ph_1_0;mama;ph_0_3;ph_1_3;ph_2_3;ph_4_3;ph_2_0;ph_1_2;ph_2_2;ph_3_2;ph_4_2;babble_d_3;ph_0_4;ph_3_4;babble_o_6;babble_m_6;ph_1_6;ph_2_6;ball;ph_0_8;ph_2_8;ph_3_8;ph_4_8;babble_p_9;ph_0_10;ph_1_10;ph_2_10;ph_3_10;ph_0_7;ph_0_11;book;toy;cup"
2026-08-22 21:56:41,62,"hi",0.0324201,2,0.880952,0,5,"<SELF>;look;ph_0_0;ph_1_0;mama;ph_0_3;ph_1_3;ph_2_3;ph_4_3;ph_2_0;ph_1_2;ph_2_2;ph_3_2;ph_4_2;babble_d_3;ph_0_4;ph_3_4;babble_o_6;babble_m_6;ph_1_6;ph_2_6;ball;ph_0_8;ph_1_8;ph_2_8;ph_3_8;ph_4_8;babble_p_9;ph_0_10;ph_1_10;ph_2_10;ph_3_10;ph_0_7;ph_0_11;book;toy;cup"
2026-08-22 21:56:41,72,"want",0.0396884,1,0.722222,0,5,"<SELF>;look;ph_0_0;ph_1_0;mama;ph_0_3;ph_1_3;ph_2_3;ph_4_3;ph_2_0;ph_1_2;ph_2_2;ph_3_2;ph_4_2;babble_d_3;ph_0_4;ph_3_4;babble_o_6;babble_m_6;ph_1_6;ph_2_6;ball;ph_0_8;ph_1_8;ph_2_8;ph_3_8;ph_4_8;babble_p_9;ph_0_10;ph_1_10;ph_2_10;ph_3_10;ph_0_7;ph_0_11;book;toy;cup"
2026-08-22 21:56:41,27,"ph_2_0",0.786435,1,0.861111,0,5,"<SELF>;look;ph_0_0;ph_1_0;mama;ph_0_3;ph_1_3;ph_2_3;ph_4_3;ph_1_2;ph_2_2;ph_3_2;ph_4_2;babble_d_3;ph_0_4;ph_3_4;babble_o_6;babble_m_6;ph_1_6;ph_2_6;ball;ph_0_8;ph_1_8;ph_2_8;ph_3_8;ph_4_8;babble_p_9;ph_0_10;ph_1_10;ph_2_10;ph_3_10;ph_0_7;ph_0_11;book;toy;cup"
2026-08-22 21:56:41,40,"ph_3_4",0.218298,1,0.861111,0,5,"<SELF>;look;ph_0_0;ph_1_0;mama;ph_0_3;ph_1_3;ph_2_3;ph_4_3;ph_2_0;ph_1_2;ph_2_2;ph_3_2;ph_4_2;babble_d_3;ph_0_4;babble_o_6;babble_m_6;ph_1_6;ph_2_6;ball;ph_0_8;ph_1_8;ph_2_8;ph_3_8;ph_4_8;babble_p_9;ph_0_10;ph_1_10;ph_2_10;ph_3_10;ph_0_7;ph_0_11;book;toy;cup"
2026-08-22 21:56:41,56,"ph_0_10",0.341369,1,0.807692,0,5,"<SELF>;look;ph_0_0;ph_1_0;mama;ph_0_3;ph_1_3;ph_2_3;ph_4_3;ph_2_0;ph_1_2;ph_2_2;ph_3_2;ph_4_2;babble_d_3;ph_0_4;ph_3_4;babble_o_6;babble_m_6;ph_1_6;ph_2_6;ball;ph_0_8;ph_1_8;ph_2_8;ph_3_8;ph_4_8;babble_p_9;ph_1_10;ph_2_10;ph_3_10;ph_0_7;ph_0_11;book;toy;cup"
2026-08-22 21:56:41,66,"toy",0.994559,1,0.791667,0.268958,5,"<SELF>;look;ph_0_0;ph_1_0;mama;ph_0_3;ph_1_3;ph_2_3;ph_4_3;ph_2_0;ph_1_2;ph_2_2;ph_3_2;ph_4_2;babble_d_3;ph_0_4;ph_3_4;babble_o_6;babble_m_6;ph_1_6;ph_2_6;ball;ph_0_8;ph_1_8;ph_2_8;ph_3_8;ph_4_8;babble_p_9;ph_0_10;ph_1_10;ph_2_10;ph_3_10;ph_0_7;ph_0_11;book;cup"
2026-08-22 21:56:41,19,"mama",1,1,0.861111,0.256211,5,"<SELF>;look;ph_0_0;ph_1_0;ph_0_3;ph_1_3;ph_2_3;ph_4_3;ph_2_0;ph_1_2;ph_2_2;ph_3_2;ph_4_2;babble_d_3;ph_0_4;ph_3_4;babble_o_6;babble_m_6;ph_1_6;ph_2_6;ball;ph_0_8;ph_1_8;ph_2_8;ph_3_8;ph_4_8;babble_p_9;ph_0_10;ph_1_10;ph_2_10;ph_3_10;ph_0_7;ph_0_11;book;toy;cup"
2026-08-22 21:56:41,31,"ph_3_2",0.382182,1,0.861111,0,5,"<SELF>;look;ph_0_0;ph_1_0;mama;ph_0_3;ph_1_3;ph_2_3;ph_4_3;ph_2_0;ph_1_2;ph_2_2;ph_4_2;babble_d_3;ph_0_4;ph_3_4;babble_o_6;babble_m_6;ph_1_6;ph_2_6;ball;ph_0_8;ph_1_8;ph_2_8;ph_3_8;ph_4_8;babble_p_9;ph_0_10;ph_1_10;ph_2_10;ph_3_10;ph_0_7;ph_0_11;book;toy;cup"
2026-08-22 21:56:41,47,"ball",1,1,0.791667,0.267506,5,"<SELF>;look;ph_0_0;ph_1_0;mama;ph_0_3;ph_1_3;ph_2_3;ph_4_3;ph_2_0;ph_1_2;ph_2_2;ph_3_2;ph_4_2;babble_d_3;ph_0_4;ph_3_4;babble_o_6;babble_m_6;ph_1_6;ph_2_6;ph_0_8;ph_1_8;ph_2_8;ph_3_8;ph_4_8;babble_p_9;ph_0_10;ph_1_10;ph_2_10;ph_3_10;ph_0_7;ph_0_11;book;toy;cup"
2026-08-22 21:56:41,60,"papa",0.0343707,2,0.821429,0,5,"<SELF>;look;ph_0_0;ph_1_0;mama;ph_0_3;ph_1_3;ph_2_3;ph_4_3;ph_2_0;ph_1_2;ph_2_2;ph_3_2;ph_4_2;babble_d_3;ph_0_4;ph_3_4;babble_o_6;babble_m_6;ph_1_6;ph_2_6;ball;ph_0_8;ph_1_8;ph_2_8;ph_3_8;ph_4_8;babble_p_9;ph_0_10;ph_1_10;ph_2_10;ph_3_10;ph_0_7;ph_0_11;book;toy;cup"
2026-08-22 21:56:41,70,"please",0.0696884,4,0.720722,0,5,"<SELF>;look;ph_0_0;ph_1_0;mama;ph_0_3;ph_1_3;ph_2_3;ph_4_3;ph_2_0;ph_1_2;ph_2_2;ph_3_2;ph_4_2;babble_d_3;ph_0_4;ph_3_4;babble_o_6;babble_m_6;ph_1_6;ph_2_6;ball;ph_0_8;ph_1_8;ph_2_8;ph_3_8;ph_4_8;babble_p_9;ph_0_10;ph_1_10;ph_2_10;ph_3_10;ph_0_7;ph_0_11;book;toy;cup"
2026-08-22 21:56:41,23,"ph_3_3",0.0974328,1,0.821429,0,5,"<SELF>;look;ph_0_0;ph_1_0;mama;ph_0_3;ph_1_3;ph_2_3;ph_4_3;ph_2_0;ph_1_2;ph_2_2;ph_3_2;ph_4_2;babble_d_3;ph_0_4;ph_3_4;babble_o_6;babble_m_6;ph_1_6;ph_2_6;ball;ph_0_8;ph_1_8;ph_2_8;ph_3_8;ph_4_8;babble_p_9;ph_0_10;ph_1_10;ph_2_10;ph_3_10;ph_0_7;ph_0_11;book;toy;cup"
2026-08-22 21:56:41,38,"ph_1_4",0.0710369,1,0.821429,0,5,"<SELF>;look;ph_0_0;ph_1_0;mama;ph_0_3;ph_1_3;ph_2_3;ph_4_3;ph_2_0;ph_1_2;ph_2_2;ph_3_2;ph_4_2;babble_d_3;ph_0_4;ph_3_4;babble_o_6;babble_m_6;ph_1_6;ph_2_6;ball;ph_0_8;ph_1_8;ph_2_8;ph_3_8;ph_4_8;babble_p_9;ph_0_10;ph_1_10;ph_2_10;ph_3_10;ph_0_7;ph_0_11;book;toy;cup"
2026-08-22 21:56:41,51,"ph_3_8",0.617498,1,0.807692,0,5,"<SELF>;look;ph_0_0;ph_1_0;mama;ph_0_3;ph_1_3;ph_2_3;ph_4_3;ph_2_0;ph_1_2;ph_2_2;ph_3_2;ph_4_2;babble_d_3;ph_0_4;ph_3_4;babble_o_6;babble_m_6;ph_1_6;ph_2_6;ball;ph_0_8;ph_1_8;ph_2_8;ph_4_8;babble_p_9;ph_0_10;ph_1_10;ph_2_10;ph_3_10;ph_0_7;ph_0_11;book;toy;cup"
2026-08-22 21:56:41,64,"ph_0_15",0.0183121,1,0.791667,0,5,"<SELF>;look;ph_0_0;ph_1_0;mama;ph_0_3;ph_1_3;ph_2_3;ph_4_3;ph_2_0;ph_1_2;ph_2_2;ph_3_2;ph_4_2;babble_d_3;ph_0_4;ph_3_4;babble_o_6;babble_m_6;ph_1_6;ph_2_6;ball;ph_0_8;ph_1_8;ph_2_8;ph_3_8;ph_4_8;babble_p_9;ph_0_10;ph_1_10;ph_2_10;ph_3_10;ph_0_7;ph_0_11;book;toy;cup"
2026-08-22 21:56:41,17,"ph_1_0",0.298016,1,0.84375,0,5,"<SELF>;look;ph_0_0;mama;ph_0_3;ph_1_3;ph_2_3;ph_4_3;ph_2_0;ph_1_2;ph_2_2;ph_3_2;ph_4_2;babble_d_3;ph_0_4;ph_3_4;babble_o_6;babble_m_6;ph_1_6;ph_2_6;ball;ph_0_8;ph_1_8;ph_2_8;ph_3_8;ph_4_8;babble_p_9;ph_0_10;ph_1_10;ph_2_10;ph_3_10;ph_0_7;ph_0_11;book;toy;cup"
2026-08-22 21:56:41,29,"ph_1_2",0.534024,1,0.821429,0,5,"<SELF>;look;ph_0_0;ph_1_0;mama;ph_0_3;ph_1_3;ph_2_3;ph_4_3;ph_2_0;ph_2_2;ph_3_2;ph_4_2;babble_d_3;ph_0_4;ph_3_4;babble_o_6;babble_m_6;ph_1_6;ph_2_6;ball;ph_0_8;ph_1_8;ph_2_8;ph_3_8;ph_4_8;babble_p_9;ph_0_10;ph_1_10;ph_2_10;ph_3_10;ph_0_7;ph_0_11;book;toy;cup"
2026-08-22 21:56:41,45,"ph_1_6",0.757869,1,0.807692,0,5,"<SELF>;look;ph_0_0;ph_1_0;mama;ph_0_3;ph_1_3;ph_2_3;ph_4_3;ph_2_0;ph_1_2;ph_2_2;ph_3_2;ph_4_2;babble_d_3;ph_0_4;ph_3_4;babble_o_6;babble_m_6;ph_2_6;ball;ph_0_8;ph_1_8;ph_2_8;ph_3_8;ph_4_8;babble_p_9;ph_0_10;ph_1_10;ph_2_10;ph_3_10;ph_0_7;ph_0_11;book;toy;cup"
2026-08-22 21:56:41,58,"ph_2_10",0.880002,1,0.821429,0,5,"<SELF>;look;ph_0_0;ph_1_0;mama;ph_0_3;ph_1_3;ph_2_3;ph_4_3;ph_2_0;ph_1_2;ph_2_2;ph_3_2;ph_4_2;babble_d_3;ph_0_4;ph_3_4;babble_o_6;babble_m_6;ph_1_6;ph_2_6;ball;ph_0_8;ph_1_8;ph_2_8;ph_3_8;ph_4_8;babble_p_9;ph_0_10;ph_1_10;ph_3_10;ph_0_7;ph_0_11;book;toy;cup"
2026-08-22 21:56:41,68,"like",0.0576016,3,0.74904,0,5,"<SELF>;look;ph_0_0;ph_1_0;mama;ph_0_3;ph_1_3;ph_2_3;ph_4_3;ph_2_0;ph_1_2;ph_2_2;ph_3_2;ph_4_2;babble_d_3;ph_0_4;ph_3_4;babble_o_6;babble_m_6;ph_1_6;ph_2_6;ball;ph_0_8;ph_1_8;ph_2_8;ph_3_8;ph_4_8;babble_p_9;ph_0_10;ph_1_10;ph_2_10;ph_3_10;ph_0_7;ph_0_11;book;toy;cup"
2026-08-22 21:56:41,21,"ph_1_3",0.918765,1,0.910714,0,5,"<SELF>;look;ph_0_0;ph_1_0;mama;ph_0_3;ph_2_3;ph_4_3;ph_2_0;ph_1_2;ph_2_2;ph_3_2;ph_4_2;babble_d_3;ph_0_4;ph_3_4;babble_o_6;babble_m_6;ph_1_6;ph_2_6;ball;ph_0_8;ph_1_8;ph_2_8;ph_3_8;ph_4_8;babble_p_9;ph_0_10;ph_1_10;ph_2_10;ph_3_10;ph_0_7;ph_0_11;book;toy;cup"
2026-08-22 21:56:41,33,"gaga",0.0306001,2,0.910286,0,5,"<SELF>;look;ph_0_0;ph_1_0;mama;ph_0_3;ph_1_3;ph_2_3;ph_4_3;ph_2_0;ph_1_2;ph_2_2;ph_3_2;ph_4_2;babble_d_3;ph_0_4;ph_3_4;babble_o_6;babble_m_6;ph_1_6;ph_2_6;ball;ph_0_8;ph_1_8;ph_2_8;ph_3_8;ph_4_8;babble_p_9;ph_0_10;ph_1_10;ph_2_10;ph_3_10;ph_0_7;ph_0_11;book;toy;cup"
2026-08-22 21:56:41,49,"ph_1_8",0.304851,1,0.886364,0,5,"<SELF>;look;ph_0_0;ph_1_0;mama;ph_0_3;ph_1_3;ph_2_3;ph_4_3;ph_2_0;ph_1_2;ph_2_2;ph_3_2;ph_4_2;babble_d_3;ph_0_4;ph_3_4;babble_o_6;babble_m_6;ph_1_6;ph_2_6;ball;ph_0_8;ph_2_8;ph_3_8;ph_4_8;babble_p_9;ph_0_10;ph_1_10;ph_2_10;ph_3_10;ph_0_7;ph_0_11;book;toy;cup"
2026-08-22 21:56:41,62,"hi",0.0324201,2,0.886364,0,5,"<SELF>;look;ph_0_0;ph_1_0;mama;ph_0_3;ph_1_3;ph_2_3;ph_4_3;ph_2_0;ph_1_2;ph_2_2;ph_3_2;ph_4_2;babble_d_3;ph_0_4;ph_3_4;babble_o_6;babble_m_6;ph_1_6;ph_2_6;ball;ph_0_8;ph_1_8;ph_2_8;ph_3_8;ph_4_8;babble_p_9;ph_0_10;ph_1_10;ph_2_10;ph_3_10;ph_0_7;ph_0_11;book;toy;cup"
2026-08-22 21:56:41,72,"want",0.0396884,1,0.75,0,5,"<SELF>;look;ph_0_0;ph_1_0;mama;ph_0_3;ph_1_3;ph_2_3;ph_4_3;ph_2_0;ph_1_2;ph_2_2;ph_3_2;ph_4_2;babble_d_3;ph_0_4;ph_3_4;babble_o_6;babble_m_6;ph_1_6;ph_2_6;ball;ph_0_8;ph_1_8;ph_2_8;ph_3_8;ph_4_8;babble_p_9;ph_0_10;ph_1_10;ph_2_10;ph_3_10;ph_0_7;ph_0_11;book;toy;cup"
2026-08-22 21:56:41,27,"ph_2_0",0.786435,1,0.868421,0,5,"<SELF>;look;ph_0_0;ph_1_0;mama;ph_0_3;ph_1_3;ph_2_3;ph_4_3;ph_1_2;ph_2_2;ph_3_2;ph_4_2;babble_d_3;ph_0_4;ph_3_4;babble_o_6;babble_m_6;ph_1_6;ph_2_6;ball;ph_0_8;ph_1_8;ph_2_8;ph_3_8;ph_4_8;babble_p_9;ph_0_10;ph_1_10;ph_2_10;ph_3_10;ph_0_7;ph_0_11;book;toy;cup"
2026-08-22 21:56:41,40,"ph_3_4",0.218298,1,0.868421,0,5,"<SELF>;look;ph_0_0;ph_1_0;mama;ph_0_3;ph_1_3;ph_2_3;ph_4_3;ph_2_0;ph_1_2;ph_2_2;ph_3_2;ph_4_2;babble_d_3;ph_0_4;babble_o_6;babble_m_6;ph_1_6;ph_2_6;ball;ph_0_8;ph_1_8;ph_2_8;ph_3_8;ph_4_8;babble_p_9;ph_0_10;ph_1_10;ph_2_10;ph_3_10;ph_0_7;ph_0_11;book;toy;cup"
2026-08-22 21:56:41,56,"ph_0_10",0.341369,1,0.821429,0,5,"<SELF>;look;ph_0_0;ph_1_0;mama;ph_0_3;ph_1_3;ph_2_3;ph_4_3;ph_2_0;ph_1_2;ph_2_2;ph_3_2;ph_4_2;babble_d_3;ph_0_4;ph_3_4;babble_o_6;babble_m_6;ph_1_6;ph_2_6;ball;ph_0_8;ph_1_8;ph_2_8;ph_3_8;ph_4_8;babble_p_9;ph_1_10;ph_2_10;ph_3_10;ph_0_7;ph_0_11;book;toy;cup"
2026-08-22 21:56:41,66,"toy",0.994559,1,0.807692,0.268958,5,"<SELF>;look;ph_0_0;ph_1_0;mama;ph_0_3;ph_1_3;ph_2_3;ph_4_3;ph_2_0;ph_1_2;ph_2_2;ph_3_2;ph_4_2;babble_d_3;ph_0_4;ph_3_4;babble_o_6;babble_m_6;ph_1_6;ph_2_6;ball;ph_0_8;ph_1_8;ph_2_8;ph_3_8;ph_4_8;babble_p_9;ph_0_10;ph_1_10;ph_2_10;ph_3_10;ph_0_7;ph_0_11;book;cup"
2026-08-22 21:56:41,19,"mama",1,1,0.868421,0.256211,5,"<SELF>;look;ph_0_0;ph_1_0;ph_0_3;ph_1_3;ph_2_3;ph_4_3;ph_2_0;ph_1_2;ph_2_2;ph_3_2;ph_4_2;babble_d_3;ph_0_4;ph_3_4;babble_o_6;babble_m_6;ph_1_6;ph_2_6;ball;ph_0_8;ph_1_8;ph_2_8;ph_3_8;ph_4_8;babble_p_9;ph_0_10;ph_1_10;ph_2_10;ph_3_10;ph_0_7;ph_0_11;book;toy;cup"
2026-08-22 21:56:41,31,"ph_3_2",0.382182,1,0.868421,0,5,"<SELF>;look;ph_0_0;ph_1_0;mama;ph_0_3;ph_1_3;ph_2_3;ph_4_3;ph_2_0;ph_1_2;ph_2_2;ph_4_2;babble_d_3;ph_0_4;ph_3_4;babble_o_6;babble_m_6;ph_1_6;ph_2_6;ball;ph_0_8;ph_1_8;ph_2_8;ph_3_8;ph_4_8;babble_p_9;ph_0_10;ph_1_10;ph_2_10;ph_3_10;ph_0_7;ph_0_11;book;toy;cup"
2026-08-22 21:56:41,47,"ball",1,1,0.807692,0.267506,5,"<SELF>;look;ph_0_0;ph_1_0;mama;ph_0_3;ph_1_3;ph_2_3;ph_4_3;ph_2_0;ph_1_2;ph_2_2;ph_3_2;ph_4_2;babble_d_3;ph_0_4;ph_3_4;babble_o_6;babble_m_6;ph_1_6;ph_2_6;ph_0_8;ph_1_8;ph_2_8;ph_3_8;ph_4_8;babble_p_9;ph_0_10;ph_1_10;ph_2_10;ph_3_10;ph_0_7;ph_0_11;book;toy;cup"
2026-08-22 21:56:41,60,"papa",0.0343707,2,0.833333,0,5,"<SELF>;look;ph_0_0;ph_1_0;mama;ph_0_3;ph_1_3;ph_2_3;ph_4_3;ph_2_0;ph_1_2;ph_2_2;ph_3_2;ph_4_2;babble_d_3;ph_0_4;ph_3_4;babble_o_6;babble_m_6;ph_1_6;ph_2_6;ball;ph_0_8;ph_1_8;ph_2_8;ph_3_8;ph_4_8;babble_p_9;ph_0_10;ph_1_10;ph_2_10;ph_3_10;ph_0_7;ph_0_11;book;toy;cup"
2026-08-22 21:56:41,70,"please",0.0696884,4,0.74856,0,5,"<SELF>;look;ph_0_0;ph_1_0;mama;ph_0_3;ph_1_3;ph_2_3;ph_4_3;ph_2_0;ph_1_2;ph_2_2;ph_3_2;ph_4_2;babble_d_3;ph_0_4;ph_3_4;babble_o_6;babble_m_6;ph_1_6;ph_2_6;ball;ph_0_8;ph_1_8;ph_2_8;ph_3_8;ph_4_8;babble_p_9;ph_0_10;ph_1_10;ph_2_10;ph_3_10;ph_0_7;ph_0_11;book;toy;cup"
2026-08-22 21:56:41,23,"ph_3_3",0.0974328,1,0.833333,0,5,"<SELF>;look;ph_0_0;ph_1_0;mama;ph_0_3;ph_1_3;ph_2_3;ph_4_3;ph_2_0;ph_1_2;ph_2_2;ph_3_2;ph_4_2;babble_d_3;ph_0_4;ph_3_4;babble_o_6;babble_m_6;ph_1_6;ph_2_6;ball;ph_0_8;ph_1_8;ph_2_8;ph_3_8;ph_4_8;babble_p_9;ph_0_10;ph_1_10;ph_2_10;ph_3_10;ph_0_7;ph_0_11;book;toy;cup"
2026-08-22 21:56:41,38,"ph_1_4",0.0710369,1,0.833333,0,5,"<SELF>;look;ph_0_0;ph_1_0;mama;ph_0_3;ph_1_3;ph_2_3;ph_4_3;ph_2_0;ph_1_2;ph_2_2;ph_3_2;ph_4_2;babble_d_3;ph_0_4;ph_3_4;babble_o_6;babble_m_6;ph_1_6;ph_2_6;ball;ph_0_8;ph_1_8;ph_2_8;ph_3_8;ph_4_8;babble_p_9;ph_0_10;ph_1_10;ph_2_10;ph_3_10;ph_0_7;ph_0_11;book;toy;cup"
2026-08-22 21:56:41,51,"ph_3_8",0.617498,1,0.821429,0,5,"<SELF>;look;ph_0_0;ph_1_0;mama;ph_0_3;ph_1_3;ph_2_3;ph_4_3;ph_2_0;ph_1_2;ph_2_2;ph_3_2;ph_4_2;babble_d_3;ph_0_4;ph_3_4;babble_o_6;babble_m_6;ph_1_6;ph_2_6;ball;ph_0_8;ph_1_8;ph_2_8;ph_4_8;babble_p_9;ph_0_10;ph_1_10;ph_2_10;ph_3_10;ph_0_7;ph_0_11;book;toy;cup"
2026-08-22 21:56:41,64,"ph_0_15",0.0183121,1,0.807692,0,5,"<SELF>;look;ph_0_0;ph_1_0;mama;ph_0_3;ph_1_3;ph_2_3;ph_4_3;ph_2_0;ph_1_2;ph_2_2;ph_3_2;ph_4_2;babble_d_3;ph_0_4;ph_3_4;babble_o_6;babble_m_6;ph_1_6;ph_2_6;ball;ph_0_8;ph_1_8;ph_2_8;ph_3_8;ph_4_8;babble_p_9;ph_0_10;ph_1_10;ph_2_10;ph_3_10;ph_0_7;ph_0_11;book;toy;cup"
2026-08-22 21:56:41,17,"ph_1_0",0.298016,1,0.852941,0,5,"<SELF>;look;ph_0_0;mama;ph_0_3;ph_1_3;ph_2_3;ph_4_3;ph_2_0;ph_1_2;ph_2_2;ph_3_2;ph_4_2;babble_d_3;ph_0_4;ph_3_4;babble_o_6;babble_m_6;ph_1_6;ph_2_6;ball;ph_0_8;ph_1_8;ph_2_8;ph_3_8;ph_4_8;babble_p_9;ph_0_10;ph_1_10;ph_2_10;ph_3_10;ph_0_7;ph_0_11;book;toy;cup"
2026-08-22 21:56:41,29,"ph_1_2",0.534024,1,0.833333,0,5,"<SELF>;look;ph_0_0;ph_1_0;mama;ph_0_3;ph_1_3;ph_2_3;ph_4_3;ph_2_0;ph_2_2;ph_3_2;ph_4_2;babble_d_3;ph_0_4;ph_3_4;babble_o_6;babble_m_6;ph_1_6;ph_2_6;ball;ph_0_8;ph_1_8;ph_2_8;ph_3_8;ph_4_8;babble_p_9;ph_0_10;ph_1_10;ph_2_10;ph_3_10;ph_0_7;ph_0_11;book;toy;cup"
2026-08-22 21:56:41,45,"ph_1_6",0.757869,1,0.821429,0,5,"<SELF>;look;ph_0_0;ph_1_0;mama;ph_0_3;ph_1_3;ph_2_3;ph_4_3;ph_2_0;ph_1_2;ph_2_2;ph_3_2;ph_4_2;babble_d_3;ph_0_4;ph_3_4;babble_o_6;babble_m_6;ph_2_6;ball;ph_0_8;ph_1_8;ph_2_8;ph_3_8;ph_4_8;babble_p_9;ph_0_10;ph_1_10;ph_2_10;ph_3_10;ph_0_7;ph_0_11;book;toy;cup"
2026-08-22 21:56:41,58,"ph_2_10",0.880002,1,0.833333,0,5,"<SELF>;look;ph_0_0;ph_1_0;mama;ph_0_3;ph_1_3;ph_2_3;ph_4_3;ph_2_0;ph_1_2;ph_2_2;ph_3_2;ph_4_2;babble_d_3;ph_0_4;ph_3_4;babble_o_6;babble_m_6;ph_1_6;ph_2_6;ball;ph_0_8;ph_1_8;ph_2_8;ph_3_8;ph_4_8;babble_p_9;ph_0_10;ph_1_10;ph_3_10;ph_0_7;ph_0_11;book;toy;cup"
2026-08-22 21:56:41,68,"like",0.0576016,3,0.771727,0,5,"<SELF>;look;ph_0_0;ph_1_0;mama;ph_0_3;ph_1_3;ph_2_3;ph_4_3;ph_2_0;ph_1_2;ph_2_2;ph_3_2;ph_4_2;babble_d_3;ph_0_4;ph_3_4;babble_o_6;babble_m_6;ph_1_6;ph_2_6;ball;ph_0_8;ph_1_8;ph_2_8;ph_3_8;ph_4_8;babble_p_9;ph_0_10;ph_1_10;ph_2_10;ph_3_10;ph_0_7;ph_0_11;book;toy;cup"
2026-08-22 21:56:41,21,"ph_1_3",0.918765,1,0.913793,0,5,"<SELF>;look;ph_0_0;ph_1_0;mama;ph_0_3;ph_2_3;ph_4_3;ph_2_0;ph_1_2;ph_2_2;ph_3_2;ph_4_2;babble_d_3;ph_0_4;ph_3_4;babble_o_6;babble_m_6;ph_1_6;ph_2_6;ball;ph_0_8;ph_1_8;ph_2_8;ph_3_8;ph_4_8;babble_p_9;ph_0_10;ph_1_10;ph_2_10;ph_3_10;ph_0_7;ph_0_11;book;toy;cup"
2026-08-22 21:56:41,33,"gaga",0.0306001,2,0.913381,0,5,"<SELF>;look;ph_0_0;ph_1_0;mama;ph_0_3;ph_1_3;ph_2_3;ph_4_3;ph_2_0;ph_1_2;ph_2_2;ph_3_2;ph_4_2;babble_d_3;ph_0_4;ph_3_4;babble_o_6;babble_m_6;ph_1_6;ph_2_6;ball;ph_0_8;ph_1_8;ph_2_8;ph_3_8;ph_4_8;babble_p_9;ph_0_10;ph_1_10;ph_2_10;ph_3_10;ph_0_7;ph_0_11;book;toy;cup"
2026-08-22 21:56:41,49,"ph_1_8",0.304851,1,0.891304,0,5,"<SELF>;look;ph_0_0;ph_1_0;mama;ph_0_3;ph_1_3;ph_2_3;ph_4_3;ph_2_0;ph_1_2;ph_2_2;ph_3_2;ph_4_2;babble_d_3;ph_0_4;ph_3_4;babble_o_6;babble_m_6;ph_1_6;ph_2_6;ball;ph_0_8;ph_2_8;ph_3_8;ph_4_8;babble_p_9;ph_0_10;ph_1_10;ph_2_10;ph_3_10;ph_0_7;ph_0_11;book;toy;cup"
2026-08-22 21:56:41,62,"hi",0.0324201,2,0.891304,0,5,"<SELF>;look;ph_0_0;ph_1_0;mama;ph_0_3;ph_1_3;ph_2_3;ph_4_3;ph_2_0;ph_1_2;ph_2_2;ph_3_2;ph_4_2;babble_d_3;ph_0_4;ph_3_4;babble_o_6;babble_m_6;ph_1_6;ph_2_6;ball;ph_0_8;ph_1_8;ph_2_8;ph_3_8;ph_4_8;babble_p_9;ph_0_10;ph_1_10;ph_2_10;ph_3_10;ph_0_7;ph_0_11;book;toy;cup"
2026-08-22 21:56:41,72,"want",0.0396884,1,0.772727,0,5,"<SELF>;look;ph_0_0;ph_1_0;mama;ph_0_3;ph_1_3;ph_2_3;ph_4_3;ph_2_0;ph_1_2;ph_2_2;ph_3_2;ph_4_2;babble_d_3;ph_0_4;ph_3_4;babble_o_6;babble_m_6;ph_1_6;ph_2_6;ball;ph_0_8;ph_1_8;ph_2_8;ph_3_8;ph_4_8;babble_p_9;ph_0_10;ph_1_10;ph_2_10;ph_3_10;ph_0_7;ph_0_11;book;toy;cup"
2026-08-22 21:56:41,27,"ph_2_0",0.786435,1,0.875,0,5,"<SELF>;look;ph_0_0;ph_1_0;mama;ph_0_3;ph_1_3;ph_2_3;ph_4_3;ph_1_2;ph_2_2;ph_3_2;ph_4_2;babble_d_3;ph_0_4;ph_3_4;babble_o_6;babble_m_6;ph_1_6;ph_2_6;ball;ph_0_8;ph_1_8;ph_2_8;ph_3_8;ph_4_8;babble_p_9;ph_0_10;ph_1_10;ph_2_10;ph_3_10;ph_0_7;ph_0_11;book;toy;cup"
2026-08-22 21:56:41,40,"ph_3_4",0.218298,1,0.875,0,5,"<SELF>;look;ph_0_0;ph_1_0;mama;ph_0_3;ph_1_3;ph_2_3;ph_4_3;ph_2_0;ph_1_2;ph_2_2;ph_3_2;ph_4_2;babble_d_3;ph_0_4;babble_o_6;babble_m_6;ph_1_6;ph_2_6;ball;ph_0_8;ph_1_8;ph_2_8;ph_3_8;ph_4_8;babble_p_9;ph_0_10;ph_1_10;ph_2_10;ph_3_10;ph_0_7;ph_0_11;book;toy;cup"
2026-08-22 21:56:41,56,"ph_0_10",0.341369,1,0.833333,0,5,"<SELF>;look;ph_0_0;ph_1_0;mama;ph_0_3;ph_1_3;ph_2_3;ph_4_3;ph_2_0;ph_1_2;ph_2_2;ph_3_2;ph_4_2;babble_d_3;ph_0_4;ph_3_4;babble_o_6;babble_m_6;ph_1_6;ph_2_6;ball;ph_0_8;ph_1_8;ph_2_8;ph_3_8;ph_4_8;babble_p_9;ph_1_10;ph_2_10;ph_3_10;ph_0_7;ph_0_11;book;toy;cup"
2026-08-22 21:56:41,66,"toy",0.994559,1,0.821429,0.268958,5,"<SELF>;look;ph_0_0;ph_1_0;mama;ph_0_3;ph_1_3;ph_2_3;ph_4_3;ph_2_0;ph_1_2;ph_2_2;ph_3_2;ph_4_2;babble_d_3;ph_0_4;ph_3_4;babble_o_6;babble_m_6;ph_1_6;ph_2_6;ball;ph_0_8;ph_1_8;ph_2_8;ph_3_8;ph_4_8;babble_p_9;ph_0_10;ph_1_10;ph_2_10;ph_3_10;ph_0_7;ph_0_11;book;cup"
2026-08-22 21:56:41,19,"mama",1,1,0.875,0.256211,5,"<SELF>;look;ph_0_0;ph_1_0;ph_0_3;ph_1_3;ph_2_3;ph_4_3;ph_2_0;ph_1_2;ph_2_2;ph_3_2;ph_4_2;babble_d_3;ph_0_4;ph_3_4;babble_o_6;babble_m_6;ph_1_6;ph_2_6;ball;ph_0_8;ph_1_8;ph_2_8;ph_3_8;ph_4_8;babble_p_9;ph_0_10;ph_1_10;ph_2_10;ph_3_10;ph_0_7;ph_0_11;book;toy;cup"
2026-08-22 21:56:41,31,"ph_3_2",0.382182,1,0.875,0,5,"<SELF>;look;ph_0_0;ph_1_0;mama;ph_0_3;ph_1_3;ph_2_3;ph_4_3;ph_2_0;ph_1_2;ph_2_2;ph_4_2;babble_d_3;ph_0_4;ph_3_4;babble_o_6;babble_m_6;ph_1_6;ph_2_6;ball;ph_0_8;ph_1_8;ph_2_8;ph_3_8;ph_4_8;babble_p_9;ph_0_10;ph_1_10;ph_2_10;ph_3_10;ph_0_7;ph_0_11;book;toy;cup"
2026-08-22 21:56:41,47,"ball",1,1,0.821429,0.267506,5,"<SELF>;look;ph_0_0;ph_1_0;mama;ph_0_3;ph_1_3;ph_2_3;ph_4_3;ph_2_0;ph_1_2;ph_2_2;ph_3_2;ph_4_2;babble_d_3;ph_0_4;ph_3_4;babble_o_6;babble_m_6;ph_1_6;ph_2_6;ph_0_8;ph_1_8;ph_2_8;ph_3_8;ph_4_8;babble_p_9;ph_0_10;ph_1_10;ph_2_10;ph_3_10;ph_0_7;ph_0_11;book;toy;cup"
2026-08-22 21:56:41,60,"papa",0.0343707,2,0.84375,0,5,"<SELF>;look;ph_0_0;ph_1_0;mama;ph_0_3;ph_1_3;ph_2_3;ph_4_3;ph_2_0;ph_1_2;ph_2_2;ph_3_2;ph_4_2;babble_d_3;ph_0_4;ph_3_4;babble_o_6;babble_m_6;ph_1_6;ph_2_6;ball;ph_0_8;ph_1_8;ph_2_8;ph_3_8;ph_4_8;babble_p_9;ph_0_10;ph_1_10;ph_2_10;ph_3_10;ph_0_7;ph_0_11;book;toy;cup"
2026-08-22 21:56:41,70,"please",0.0796884,5,0.771394,0,5,"<SELF>;look;ph_0_0;ph_1_0;mama;ph_0_3;ph_1_3;ph_2_3;ph_4_3;ph_2_0;ph_1_2;ph_2_2;ph_3_2;ph_4_2;babble_d_3;ph_0_4;ph_3_4;babble_o_6;babble_m_6;ph_1_6;ph_2_6;ball;ph_0_8;ph_1_8;ph_2_8;ph_3_8;ph_4_8;babble_p_9;ph_0_10;ph_1_10;ph_2_10;ph_3_10;ph_0_7;ph_0_11;book;toy;cup"
2026-08-22 21:56:41,23,"ph_3_3",0.0974328,1,0.84375,0,5,"<SELF>;look;ph_0_0;ph_1_0;mama;ph_0_3;ph_1_3;ph_2_3;ph_4_3;ph_2_0;ph_1_2;ph_2_2;ph_3_2;ph_4_2;babble_d_3;ph_0_4;ph_3_4;babble_o_6;babble_m_6;ph_1_6;ph_2_6;ball;ph_0_8;ph_1_8;ph_2_8;ph_3_8;ph_4_8;babble_p_9;ph_0_10;ph_1_10;ph_2_10;ph_3_10;ph_0_7;ph_0_11;book;toy;cup"
2026-08-22 21:56:41,38,"ph_1_4",0.0710369,1,0.84375,0,5,"<SELF>;look;ph_0_0;ph_1_0;mama;ph_0_3;ph_1_3;ph_2_3;ph_4_3;ph_2_0;ph_1_2;ph_2_2;ph_3_2;ph_4_2;babble_d_3;ph_0_4;ph_3_4;babble_o_6;babble_m_6;ph_1_6;ph_2_6;ball;ph_0_8;ph_1_8;ph_2_8;ph_3_8;ph_4_8;babble_p_9;ph_0_10;ph_1_10;ph_2_10;ph_3_10;ph_0_7;ph_0_11;book;toy;cup"
2026-08-22 21:56:41,51,"ph_3_8",0.617498,1,0.833333,0,5,"<SELF>;look;ph_0_0;ph_1_0;mama;ph_0_3;ph_1_3;ph_2_3;ph_4_3;ph_2_0;ph_1_2;ph_2_2;ph_3_2;ph_4_2;babble_d_3;ph_0_4;ph_3_4;babble_o_6;babble_m_6;ph_1_6;ph_2_6;ball;ph_0_8;ph_1_8;ph_2_8;ph_4_8;babble_p_9;ph_0_10;ph_1_10;ph_2_10;ph_3_10;ph_0_7;ph_0_11;book;toy;cup"
2026-08-22 21:56:41,64,"ph_0_15",0.0183121,1,0.821429,0,5,"<SELF>;look;ph_0_0;ph_1_0;mama;ph_0_3;ph_1_3;ph_2_3;ph_4_3;ph_2_0;ph_1_2;ph_2_2;ph_3_2;ph_4_2;babble_d_3;ph_0_4;ph_3_4;babble_o_6;babble_m_6;ph_1_6;ph_2_6;ball;ph_0_8;ph_1_8;ph_2_8;ph_3_8;ph_4_8;babble_p_9;ph_0_10;ph_1_10;ph_2_10;ph_3_10;ph_0_7;ph_0_11;book;toy;cup"
2026-08-22 21:56:41,17,"ph_1_0",0.298016,1,0.861111,0,5,"<SELF>;look;ph_0_0;mama;ph_0_3;ph_1_3;ph_2_3;ph_4_3;ph_2_0;ph_1_2;ph_2_2;ph_3_2;ph_4_2;babble_d_3;ph_0_4;ph_3_4;babble_o_6;babble_m_6;ph_1_6;ph_2_6;ball;ph_0_8;ph_1_8;ph_2_8;ph_3_8;ph_4_8;babble_p_9;ph_0_10;ph_1_10;ph_2_10;ph_3_10;ph_0_7;ph_0_11;book;toy;cup"
2026-08-22 21:56:41,29,"ph_1_2",0.534024,1,0.84375,0,5,"<SELF>;look;ph_0_0;ph_1_0;mama;ph_0_3;ph_1_3;ph_2_3;ph_4_3;ph_2_0;ph_2_2;ph_3_2;ph_4_2;babble_d_3;ph_0_4;ph_3_4;babble_o_6;babble_m_6;ph_1_6;ph_2_6;ball;ph_0_8;ph_1_8;ph_2_8;ph_3_8;ph_4_8;babble_p_9;ph_0_10;ph_1_10;ph_2_10;ph_3_10;ph_0_7;ph_0_11;book;toy;cup"
2026-08-22 21:56:41,45,"ph_1_6",0.757869,1,0.833333,0,5,"<SELF>;look;ph_0_0;ph_1_0;mama;ph_0_3;ph_1_3;ph_2_3;ph_4_3;ph_2_0;ph_1_2;ph_2_2;ph_3_2;ph_4_2;babble_d_3;ph_0_4;ph_3_4;babble_o_6;babble_m_6;ph_2_6;ball;ph_0_8;ph_1_8;ph_2_8;ph_3_8;ph_4_8;babble_p_9;ph_0_10;ph_1_10;ph_2_10;ph_3_10;ph_0_7;ph_0_11;book;toy;cup"
2026-08-22 21:56:41,58,"ph_2_10",0.880002,1,0.84375,0,5,"<SELF>;look;ph_0_0;ph_1_0;mama;ph_0_3;ph_1_3;ph_2_3;ph_4_3;ph_2_0;ph_1_2;ph_2_2;ph_3_2;ph_4_2;babble_d_3;ph_0_4;ph_3_4;babble_o_6;babble_m_6;ph_1_6;ph_2_6;ball;ph_0_8;ph_1_8;ph_2_8;ph_3_8;ph_4_8;babble_p_9;ph_0_10;ph_1_10;ph_3_10;ph_0_7;ph_0_11;book;toy;cup"
2026-08-22 21:56:41,68,"like",0.0576016,3,0.790197,0,5,"<SELF>;look;ph_0_0;ph_1_0;mama;ph_0_3;ph_1_3;ph_2_3;ph_4_3;ph_2_0;ph_1_2;ph_2_2;ph_3_2;ph_4_2;babble_d_3;ph_0_4;ph_3_4;babble_o_6;babble_m_6;ph_1_6;ph_2_6;ball;ph_0_8;ph_1_8;ph_2_8;ph_3_8;ph_4_8;babble_p_9;ph_0_10;ph_1_10;ph_2_10;ph_3_10;ph_0_7;ph_0_11;book;toy;cup"
2026-08-22 21:56:41,21,"ph_1_3",0.918765,1,0.916667,0,5,"<SELF>;look;ph_0_0;ph_1_0;mama;ph_0_3;ph_2_3;ph_4_3;ph_2_0;ph_1_2;ph_2_2;ph_3_2;ph_4_2;babble_d_3;ph_0_4;ph_3_4;babble_o_6;babble_m_6;ph_1_6;ph_2_6;ball;ph_0_8;ph_1_8;ph_2_8;ph_3_8;ph_4_8;babble_p_9;ph_0_10;ph_1_10;ph_2_10;ph_3_10;ph_0_7;ph_0_11;book;toy;cup"
2026-08-22 21:56:41,33,"gaga",0.0306001,2,0.916269,0,5,"<SELF>;look;ph_0_0;ph_1_0;mama;ph_0_3;ph_1_3;ph_2_3;ph_4_3;ph_2_0;ph_1_2;ph_2_2;ph_3_2;ph_4_2;babble_d_3;ph_0_4;ph_3_4;babble_o_6;babble_m_6;ph_1_6;ph_2_6;ball;ph_0_8;ph_1_8;ph_2_8;ph_3_8;ph_4_8;babble_p_9;ph_0_10;ph_1_10;ph_2_10;ph_3_10;ph_0_7;ph_0_11;book;toy;cup"
2026-08-22 21:56:41,49,"ph_1_8",0.304851,1,0.895833,0,5,"<SELF>;look;ph_0_0;ph_1_0;mama;ph_0_3;ph_1_3;ph_2_3;ph_4_3;ph_2_0;ph_1_2;ph_2_2;ph_3_2;ph_4_2;babble_d_3;ph_0_4;ph_3_4;babble_o_6;babble_m_6;ph_1_6;ph_2_6;ball;ph_0_8;ph_2_8;ph_3_8;ph_4_8;babble_p_9;ph_0_10;ph_1_10;ph_2_10;ph_3_10;ph_0_7;ph_0_11;book;toy;cup"
2026-08-22 21:56:41,62,"hi",0.0324201,2,0.895833,0,5,"<SELF>;look;ph_0_0;ph_1_0;mama;ph_0_3;ph_1_3;ph_2_3;ph_4_3;ph_2_0;ph_1_2;ph_2_2;ph_3_2;ph_4_2;babble_d_3;ph_0_4;ph_3_4;babble_o_6;babble_m_6;ph_1_6;ph_2_6;ball;ph_0_8;ph_1_8;ph_2_8;ph_3_8;ph_4_8;babble_p_9;ph_0_10;ph_1_10;ph_2_10;ph_3_10;ph_0_7;ph_0_11;book;toy;cup"
2026-08-22 21:56:41,72,"want",0.0396884,1,0.791667,0,5,"<SELF>;look;ph_0_0;ph_1_0;mama;ph_0_3;ph_1_3;ph_2_3;ph_4_3;ph_2_0;ph_1_2;ph_2_2;ph_3_2;ph_4_2;babble_d_3;ph_0_4;ph_3_4;babble_o_6;babble_m_6;ph_1_6;ph_2_6;ball;ph_0_8;ph_1_8;ph_2_8;ph_3_8;ph_4_8;babble_p_9;ph_0_10;ph_1_10;ph_2_10;ph_3_10;ph_0_7;ph_0_11;book;toy;cup"
2026-08-22 21:56:41,27,"ph_2_0",0.786435,1,0.880952,0,5,"<SELF>;look;ph_0_0;ph_1_0;mama;ph_0_3;ph_1_3;ph_2_3;ph_4_3;ph_1_2;ph_2_2;ph_3_2;ph_4_2;babble_d_3;ph_0_4;ph_3_4;babble_o_6;babble_m_6;ph_1_6;ph_2_6;ball;ph_0_8;ph_1_8;ph_2_8;ph_3_8;ph_4_8;babble_p_9;ph_0_10;ph_1_10;ph_2_10;ph_3_10;ph_0_7;ph_0_11;book;toy;cup"
2026-08-22 21:56:41,40,"ph_3_4",0.218298,1,0.880952,0,5,"<SELF>;look;ph_0_0;ph_1_0;mama;ph_0_3;ph_1_3;ph_2_3;ph_4_3;ph_2_0;ph_1_2;ph_2_2;ph_3_2;ph_4_2;babble_d_3;ph_0_4;babble_o_6;babble_m_6;ph_1_6;ph_2_6;ball;ph_0_8;ph_1_8;ph_2_8;ph_3_8;ph_4_8;babble_p_9;ph_0_10;ph_1_10;ph_2_10;ph_3_10;ph_0_7;ph_0_11;book;toy;cup"
2026-08-22 21:56:41,56,"ph_0_10",0.341369,1,0.84375,0,5,"<SELF>;look;ph_0_0;ph_1_0;mama;ph_0_3;ph_1_3;ph_2_3;ph_4_3;ph_2_0;ph_1_2;ph_2_2;ph_3_2;ph_4_2;babble_d_3;ph_0_4;ph_3_4;babble_o_6;babble_m_6;ph_1_6;ph_2_6;ball;ph_0_8;ph_1_8;ph_2_8;ph_3_8;ph_4_8;babble_p_9;ph_1_10;ph_2_10;ph_3_10;ph_0_7;ph_0_11;book;toy;cup"
2026-08-22 21:56:41,66,"toy",0.994559,1,0.833333,0.268958,5,"<SELF>;look;ph_0_0;ph_1_0;mama;ph_0_3;ph_1_3;ph_2_3;ph_4_3;ph_2_0;ph_1_2;ph_2_2;ph_3_2;ph_4_2;babble_d_3;ph_0_4;ph_3_4;babble_o_6;babble_m_6;ph_1_6;ph_2_6;ball;ph_0_8;ph_1_8;ph_2_8;ph_3_8;ph_4_8;babble_p_9;ph_0_10;ph_1_10;ph_2_10;ph_3_10;ph_0_7;ph_0_11;book;cup"
2026-08-22 21:56:41,19,"mama",1,1,0.880952,0.256211,5,"<SELF>;look;ph_0_0;ph_1_0;ph_0_3;ph_1_3;ph_2_3;ph_4_3;ph_2_0;ph_1_2;ph_2_2;ph_3_2;ph_4_2;babble_d_3;ph_0_4;ph_3_4;babble_o_6;babble_m_6;ph_1_6;ph_2_6;ball;ph_0_8;ph_1_8;ph_2_8;ph_3_8;ph_4_8;babble_p_9;ph_0_10;ph_1_10;ph_2_10;ph_3_10;ph_0_7;ph_0_11;book;toy;cup"
2026-08-22 21:56:41,31,"ph_3_2",0.382182,1,0.880952,0,5,"<SELF>;look;ph_0_0;ph_1_0;mama;ph_0_3;ph_1_3;ph_2_3;ph_4_3;ph_2_0;ph_1_2;ph_2_2;ph_4_2;babble_d_3;ph_0_4;ph_3_4;babble_o_6;babble_m_6;ph_1_6;ph_2_6;ball;ph_0_8;ph_1_8;ph_2_8;ph_3_8;ph_4_8;babble_p_9;ph_0_10;ph_1_10;ph_2_10;ph_3_10;ph_0_7;ph_0_11;book;toy;cup"
2026-08-22 21:56:41,47,"ball",1,1,0.833333,0.267506,5,"<SELF>;look;ph_0_0;ph_1_0;mama;ph_0_3;ph_1_3;ph_2_3;ph_4_3;ph_2_0;ph_1_2;ph_2_2;ph_3_2;ph_4_2;babble_d_3;ph_0_4;ph_3_4;babble_o_6;babble_m_6;ph_1_6;ph_2_6;ph_0_8;ph_1_8;ph_2_8;ph_3_8;ph_4_8;babble_p_9;ph_0_10;ph_1_10;ph_2_10;ph_3_10;ph_0_7;ph_0_11;book;toy;cup"
2026-08-22 21:56:41,60,"papa",0.0343707,2,0.852941,0,5,"<SELF>;look;ph_0_0;ph_1_0;mama;ph_0_3;ph_1_3;ph_2_3;ph_4_3;ph_2_0;ph_1_2;ph_2_2;ph_3_2;ph_4_2;babble_d_3;ph_0_4;ph_3_4;babble_o_6;babble_m_6;ph_1_6;ph_2_6;ball;ph_0_8;ph_1_8;ph_2_8;ph_3_8;ph_4_8;babble_p_9;ph_0_10;ph_1_10;ph_2_10;ph_3_10;ph_0_7;ph_0_11;book;toy;cup"
2026-08-22 21:56:41,70,"please",0.0896884,6,0.790197,0,5,"<SELF>;look;ph_0_0;ph_1_0;mama;ph_0_3;ph_1_3;ph_2_3;ph_4_3;ph_2_0;ph_1_2;ph_2_2;ph_3_2;ph_4_2;babble_d_3;ph_0_4;ph_3_4;babble_o_6;babble_m_6;ph_1_6;ph_2_6;ball;ph_0_8;ph_1_8;ph_2_8;ph_3_8;ph_4_8;babble_p_9;ph_0_10;ph_1_10;ph_2_10;ph_3_10;ph_0_7;ph_0_11;book;toy;cup"
2026-08-22 21:56:41,23,"ph_3_3",0.0974328,1,0.852941,0,5,"<SELF>;look;ph_0_0;ph_1_0;mama;ph_0_3;ph_1_3;ph_2_3;ph_4_3;ph_2_0;ph_1_2;ph_2_2;ph_3_2;ph_4_2;babble_d_3;ph_0_4;ph_3_4;babble_o_6;babble_m_6;ph_1_6;ph_2_6;ball;ph_0_8;ph_1_8;ph_2_8;ph_3_8;ph_4_8;babble_p_9;ph_0_10;ph_1_10;ph_2_10;ph_3_10;ph_0_7;ph_0_11;book;toy;cup"
2026-08-22 21:56:41,38,"ph_1_4",0.0710369,1,0.852941,0,5,"<SELF>;look;ph_0_0;ph_1_0;mama;ph_0_3;ph_1_3;ph_2_3;ph_4_3;ph_2_0;ph_1_2;ph_2_2;ph_3_2;ph_4_2;babble_d_3;ph_0_4;ph_3_4;babble_o_6;babble_m_6;ph_1_6;ph_2_6;ball;ph_0_8;ph_1_8;ph_2_8;ph_3_8;ph_4_8;babble_p_9;ph_0_10;ph_1_10;ph_2_10;ph_3_10;ph_0_7;ph_0_11;book;toy;cup"
2026-08-22 21:56:41,51,"ph_3_8",0.617498,1,0.84375,0,5,"<SELF>;look;ph_0_0;ph_1_0;mama;ph_0_3;ph_1_3;ph_2_3;ph_4_3;ph_2_0;ph_1_2;ph_2_2;ph_3_2;ph_4_2;babble_d_3;ph_0_4;ph_3_4;babble_o_6;babble_m_6;ph_1_6;ph_2_6;ball;ph_0_8;ph_1_8;ph_2_8;ph_4_8;babble_p_9;ph_0_10;ph_1_10;ph_2_10;ph_3_10;ph_0_7;ph_0_11;book;toy;cup"
2026-08-22 21:56:41,64,"ph_0_15",0.0183121,1,0.833333,0,5,"<SELF>;look;ph_0_0;ph_1_0;mama;ph_0_3;ph_1_3;ph_2_3;ph_4_3;ph_2_0;ph_1_2;ph_2_2;ph_3_2;ph_4_2;babble_d_3;ph_0_4;ph_3_4;babble_o_6;babble_m_6;ph_1_6;ph_2_6;ball;ph_0_8;ph_1_8;ph_2_8;ph_3_8;ph_4_8;babble_p_9;ph_0_10;ph_1_10;ph_2_10;ph_3_10;ph_0_7;ph_0_11;book;toy;cup"
2026-08-22 21:56:41,17,"ph_1_0",0.298016,1,0.868421,0,5,"<SELF>;look;ph_0_0;mama;ph_0_3;ph_1_3;ph_2_3;ph_4_3;ph_2_0;ph_1_2;ph_2_2;ph_3_2;ph_4_2;babble_d_3;ph_0_4;ph_3_4;babble_o_6;babble_m_6;ph_1_6;ph_2_6;ball;ph_0_8;ph_1_8;ph_2_8;ph_3_8;ph_4_8;babble_p_9;ph_0_10;ph_1_10;ph_2_10;ph_3_10;ph_0_7;ph_0_11;book;toy;cup"
2026-08-22 21:56:41,29,"ph_1_2",0.534024,1,0.852941,0,5,"<SELF>;look;ph_0_0;ph_1_0;mama;ph_0_3;ph_1_3;ph_2_3;ph_4_3;ph_2_0;ph_2_2;ph_3_2;ph_4_2;babble_d_3;ph_0_4;ph_3_4;babble_o_6;babble_m_6;ph_1_6;ph_2_6;ball;ph_0_8;ph_1_8;ph_2_8;ph_3_8;ph_4_8;babble_p_9;ph_0_10;ph_1_10;ph_2_10;ph_3_10;ph_0_7;ph_0_11;book;toy;cup"
2026-08-22 21:56:41,45,"ph_1_6",0.757869,1,0.84375,0,5,"<SELF>;look;ph_0_0;ph_1_0;mama;ph_0_3;ph_1_3;ph_2_3;ph_4_3;ph_2_0;ph_1_2;ph_2_2;ph_3_2;ph_4_2;babble_d_3;ph_0_4;ph_3_4;babble_o_6;babble_m_6;ph_2_6;ball;ph_0_8;ph_1_8;ph_2_8;ph_3_8;ph_4_8;babble_p_9;ph_0_10;ph_1_10;ph_2_10;ph_3_10;ph_0_7;ph_0_11;book;toy;cup"
2026-08-22 21:56:41,58,"ph_2_10",0.880002,1,0.852941,0,5,"<SELF>;look;ph_0_0;ph_1_0;mama;ph_0_3;ph_1_3;ph_2_3;ph_4_3;ph_2_0;ph_1_2;ph_2_2;ph_3_2;ph_4_2;babble_d_3;ph_0_4;ph_3_4;babble_o_6;babble_m_6;ph_1_6;ph_2_6;ball;ph_0_8;ph_1_8;ph_2_8;ph_3_8;ph_4_8;babble_p_9;ph_0_10;ph_1_10;ph_3_10;ph_0_7;ph_0_11;book;toy;cup"
2026-08-22 21:56:41,68,"like",0.0576016,3,0.806005,0,5,"<SELF>;look;ph_0_0;ph_1_0;mama;ph_0_3;ph_1_3;ph_2_3;ph_4_3;ph_2_0;ph_1_2;ph_2_2;ph_3_2;ph_4_2;babble_d_3;ph_0_4;ph_3_4;babble_o_6;babble_m_6;ph_1_6;ph_2_6;ball;ph_0_8;ph_1_8;ph_2_8;ph_3_8;ph_4_8;babble_p_9;ph_0_10;ph_1_10;ph_2_10;ph_3_10;ph_0_7;ph_0_11;book;toy;cup"
2026-08-22 21:56:41,21,"ph_1_3",0.918765,1,0.919355,0,5,"<SELF>;look;ph_0_0;ph_1_0;mama;ph_0_3;ph_2_3;ph_4_3;ph_2_0;ph_1_2;ph_2_2;ph_3_2;ph_4_2;babble_d_3;ph_0_4;ph_3_4;babble_o_6;babble_m_6;ph_1_6;ph_2_6;ball;ph_0_8;ph_1_8;ph_2_8;ph_3_8;ph_4_8;babble_p_9;ph_0_10;ph_1_10;ph_2_10;ph_3_10;ph_0_7;ph_0_11;book;toy;cup"
2026-08-22 21:56:41,33,"gaga",0.0306001,2,0.918971,0,5,"<SELF>;look;ph_0_0;ph_1_0;mama;ph_0_3;ph_1_3;ph_2_3;ph_4_3;ph_2_0;ph_1_2;ph_2_2;ph_3_2;ph_4_2;babble_d_3;ph_0_4;ph_3_4;babble_o_6;babble_m_6;ph_1_6;ph_2_6;ball;ph_0_8;ph_1_8;ph_2_8;ph_3_8;ph_4_8;babble_p_9;ph_0_10;ph_1_10;ph_2_10;ph_3_10;ph_0_7;ph_0_11;book;toy;cup"
2026-08-22 21:56:41,49,"ph_1_8",0.304851,1,0.9,0,5,"<SELF>;look;ph_0_0;ph_1_0;mama;ph_0_3;ph_1_3;ph_2_3;ph_4_3;ph_2_0;ph_1_2;ph_2_2;ph_3_2;ph_4_2;babble_d_3;ph_0_4;ph_3_4;babble_o_6;babble_m_6;ph_1_6;ph_2_6;ball;ph_0_8;ph_2_8;ph_3_8;ph_4_8;babble_p_9;ph_0_10;ph_1_10;ph_2_10;ph_3_10;ph_0_7;ph_0_11;book;toy;cup"
2026-08-22 21:56:41,62,"hi",0.0324201,2,0.9,0,5,"<SELF>;look;ph_0_0;ph_1_0;mama;ph_0_3;ph_1_3;ph_2_3;ph_4_3;ph_2_0;ph_1_2;ph_2_2;ph_3_2;ph_4_2;babble_d_3;ph_0_4;ph_3_4;babble_o_6;babble_m_6;ph_1_6;ph_2_6;ball;ph_0_8;ph_1_8;ph_2_8;ph_3_8;ph_4_8;babble_p_9;ph_0_10;ph_1_10;ph_2_10;ph_3_10;ph_0_7;ph_0_11;book;toy;cup"
2026-08-22 21:56:41,72,"want",0.0496884,2,0.807692,0,5,"<SELF>;look;ph_0_0;ph_1_0;mama;ph_0_3;ph_1_3;ph_2_3;ph_4_3;ph_2_0;ph_1_2;ph_2_2;ph_3_2;ph_4_2;babble_d_3;ph_0_4;ph_3_4;babble_o_6;babble_m_6;ph_1_6;ph_2_6;ball;ph_0_8;ph_1_8;ph_2_8;ph_3_8;ph_4_8;babble_p_9;ph_0_10;ph_1_10;ph_2_10;ph_3_10;ph_0_7;ph_0_11;book;toy;cup"
2026-08-22 21:56:41,27,"ph_2_0",0.786435,1,0.886364,0,5,"<SELF>;look;ph_0_0;ph_1_0;mama;ph_0_3;ph_1_3;ph_2_3;ph_4_3;ph_1_2;ph_2_2;ph_3_2;ph_4_2;babble_d_3;ph_0_4;ph_3_4;babble_o_6;babble_m_6;ph_1_6;ph_2_6;ball;ph_0_8;ph_1_8;ph_2_8;ph_3_8;ph_4_8;babble_p_9;ph_0_10;ph_1_10;ph_2_10;ph_3_10;ph_0_7;ph_0_11;book;toy;cup"
2026-08-22 21:56:41,40,"ph_3_4",0.218298,1,0.886364,0,5,"<SELF>;look;ph_0_0;ph_1_0;mama;ph_0_3;ph_1_3;ph_2_3;ph_4_3;ph_2_0;ph_1_2;ph_2_2;ph_3_2;ph_4_2;babble_d_3;ph_0_4;babble_o_6;babble_m_6;ph_1_6;ph_2_6;ball;ph_0_8;ph_1_8;ph_2_8;ph_3_8;ph_4_8;babble_p_9;ph_0_10;ph_1_10;ph_2_10;ph_3_10;ph_0_7;ph_0_11;book;toy;cup"
2026-08-22 21:56:41,56,"ph_0_10",0.341369,1,0.852941,0,5,"<SELF>;look;ph_0_0;ph_1_0;mama;ph_0_3;ph_1_3;ph_2_3;ph_4_3;ph_2_0;ph_1_2;ph_2_2;ph_3_2;ph_4_2;babble_d_3;ph_0_4;ph_3_4;babble_o_6;babble_m_6;ph_1_6;ph_2_6;ball;ph_0_8;ph_1_8;ph_2_8;ph_3_8;ph_4_8;babble_p_9;ph_1_10;ph_2_10;ph_3_10;ph_0_7;ph_0_11;book;toy;cup"
2026-08-22 21:56:41,66,"toy",0.994559,1,0.84375,0.268958,5,"<SELF>;look;ph_0_0;ph_1_0;mama;ph_0_3;ph_1_3;ph_2_3;ph_4_3;ph_2_0;ph_1_2;ph_2_2;ph_3_2;ph_4_2;babble_d_3;ph_0_4;ph_3_4;babble_o_6;babble_m_6;ph_1_6;ph_2_6;ball;ph_0_8;ph_1_8;ph_2_8;ph_3_8;ph_4_8;babble_p_9;ph_0_10;ph_1_10;ph_2_10;ph_3_10;ph_0_7;ph_0_11;book;cup"
2026-08-22 21:56:41,19,"mama",1,1,0.886364,0.256211,5,"<SELF>;look;ph_0_0;ph_1_0;ph_0_3;ph_1_3;ph_2_3;ph_4_3;ph_2_0;ph_1_2;ph_2_2;ph_3_2;ph_4_2;babble_d_3;ph_0_4;ph_3_4;babble_o_6;babble_m_6;ph_1_6;ph_2_6;ball;ph_0_8;ph_1_8;ph_2_8;ph_3_8;ph_4_8;babble_p_9;ph_0_10;ph_1_10;ph_2_10;ph_3_10;ph_0_7;ph_0_11;book;toy;cup"
2026-08-22 21:56:41,31,"ph_3_2",0.382182,1,0.886364,0,5,"<SELF>;look;ph_0_0;ph_1_0;mama;ph_0_3;ph_1_3;ph_2_3;ph_4_3;ph_2_0;ph_1_2;ph_2_2;ph_4_2;babble_d_3;ph_0_4;ph_3_4;babble_o_6;babble_m_6;ph_1_6;ph_2_6;ball;ph_0_8;ph_1_8;ph_2_8;ph_3_8;ph_4_8;babble_p_9;ph_0_10;ph_1_10;ph_2_10;ph_3_10;ph_0_7;ph_0_11;book;toy;cup"
2026-08-22 21:56:41,47,"ball",1,1,0.84375,0.267506,5,"<SELF>;look;ph_0_0;ph_1_0;mama;ph_0_3;ph_1_3;ph_2_3;ph_4_3;ph_2_0;ph_1_2;ph_2_2;ph_3_2;ph_4_2;babble_d_3;ph_0_4;ph_3_4;babble_o_6;babble_m_6;ph_1_6;ph_2_6;ph_0_8;ph_1_8;ph_2_8;ph_3_8;ph_4_8;babble_p_9;ph_0_10;ph_1_10;ph_2_10;ph_3_10;ph_0_7;ph_0_11;book;toy;cup"
2026-08-22 21:56:41,60,"papa",0.0343707,2,0.861111,0,5,"<SELF>;look;ph_0_0;ph_1_0;mama;ph_0_3;ph_1_3;ph_2_3;ph_4_3;ph_2_0;ph_1_2;ph_2_2;ph_3_2;ph_4_2;babble_d_3;ph_0_4;ph_3_4;babble_o_6;babble_m_6;ph_1_6;ph_2_6;ball;ph_0_8;ph_1_8;ph_2_8;ph_3_8;ph_4_8;babble_p_9;ph_0_10;ph_1_10;ph_2_10;ph_3_10;ph_0_7;ph_0_11;book;toy;cup"
2026-08-22 21:56:41,70,"please",0.0896884,6,0.80563,0,5,"<SELF>;look;ph_0_0;ph_1_0;mama;ph_0_3;ph_1_3;ph_2_3;ph_4_3;ph_2_0;ph_1_2;ph_2_2;ph_3_2;ph_4_2;babble_d_3;ph_0_4;ph_3_4;babble_o_6;babble_m_6;ph_1_6;ph_2_6;ball;ph_0_8;ph_1_8;ph_2_8;ph_3_8;ph_4_8;babble_p_9;ph_0_10;ph_1_10;ph_2_10;ph_3_10;ph_0_7;ph_0_11;book;toy;cup"
2026-08-22 21:56:41,23,"ph_3_3",0.0974328,1,0.861111,0,5,"<SELF>;look;ph_0_0;ph_1_0;mama;ph_0_3;ph_1_3;ph_2_3;ph_4_3;ph_2_0;ph_1_2;ph_2_2;ph_3_2;ph_4_2;babble_d_3;ph_0_4;ph_3_4;babble_o_6;babble_m_6;ph_1_6;ph_2_6;ball;ph_0_8;ph_1_8;ph_2_8;ph_3_8;ph_4_8;babble_p_9;ph_0_10;ph_1_10;ph_2_10;ph_3_10;ph_0_7;ph_0_11;book;toy;cup"
2026-08-22 21:56:41,38,"ph_1_4",0.0710369,1,0.861111,0,5,"<SELF>;look;ph_0_0;ph_1_0;mama;ph_0_3;ph_1_3;ph_2_3;ph_4_3;ph_2_0;ph_1_2;ph_2_2;ph_3_2;ph_4_2;babble_d_3;ph_0_4;ph_3_4;babble_o_6;babble_m_6;ph_1_6;ph_2_6;ball;ph_0_8;ph_1_8;ph_2_8;ph_3_8;ph_4_8;babble_p_9;ph_0_10;ph_1_10;ph_2_10;ph_3_10;ph_0_7;ph_0_11;book;toy;cup"
2026-08-22 21:56:41,51,"ph_3_8",0.617498,1,0.852941,0,5,"<SELF>;look;ph_0_0;ph_1_0;mama;ph_0_3;ph_1_3;ph_2_3;ph_4_3;ph_2_0;ph_1_2;ph_2_2;ph_3_2;ph_4_2;babble_d_3;ph_0_4;ph_3_4;babble_o_6;babble_m_6;ph_1_6;ph_2_6;ball;ph_0_8;ph_1_8;ph_2_8;ph_4_8;babble_p_9;ph_0_10;ph_1_10;ph_2_10;ph_3_10;ph_0_7;ph_0_11;book;toy;cup"
2026-08-22 21:56:41,64,"ph_0_15",0.0183121,1,0.84375,0,5,"<SELF>;look;ph_0_0;ph_1_0;mama;ph_0_3;ph_1_3;ph_2_3;ph_4_3;ph_2_0;ph_1_2;ph_2_2;ph_3_2;ph_4_2;babble_d_3;ph_0_4;ph_3_4;babble_o_6;babble_m_6;ph_1_6;ph_2_6;ball;ph_0_8;ph_1_8;ph_2_8;ph_3_8;ph_4_8;babble_p_9;ph_0_10;ph_1_10;ph_2_10;ph_3_10;ph_0_7;ph_0_11;book;toy;cup"
2026-08-22 21:56:41,17,"ph_1_0",0.298016,1,0.875,0,5,"<SELF>;look;ph_0_0;mama;ph_0_3;ph_1_3;ph_2_3;ph_4_3;ph_2_0;ph_1_2;ph_2_2;ph_3_2;ph_4_2;babble_d_3;ph_0_4;ph_3_4;babble_o_6;babble_m_6;ph_1_6;ph_2_6;ball;ph_0_8;ph_1_8;ph_2_8;ph_3_8;ph_4_8;babble_p_9;ph_0_10;ph_1_10;ph_2_10;ph_3_10;ph_0_7;ph_0_11;book;toy;cup"
2026-08-22 21:56:41,29,"ph_1_2",0.534024,1,0.861111,0,5,"<SELF>;look;ph_0_0;ph_1_0;mama;ph_0_3;ph_1_3;ph_2_3;ph_4_3;ph_2_0;ph_2_2;ph_3_2;ph_4_2;babble_d_3;ph_0_4;ph_3_4;babble_o_6;babble_m_6;ph_1_6;ph_2_6;ball;ph_0_8;ph_1_8;ph_2_8;ph_3_8;ph_4_8;babble_p_9;ph_0_10;ph_1_10;ph_2_10;ph_3_10;ph_0_7;ph_0_11;book;toy;cup"
2026-08-22 21:56:41,45,"ph_1_6",0.757869,1,0.852941,0,5,"<SELF>;look;ph_0_0;ph_1_0;mama;ph_0_3;ph_1_3;ph_2_3;ph_4_3;ph_2_0;ph_1_2;ph_2_2;ph_3_2;ph_4_2;babble_d_3;ph_0_4;ph_3_4;babble_o_6;babble_m_6;ph_2_6;ball;ph_0_8;ph_1_8;ph_2_8;ph_3_8;ph_4_8;babble_p_9;ph_0_10;ph_1_10;ph_2_10;ph_3_10;ph_0_7;ph_0_11;book;toy;cup"
2026-08-22 21:56:41,58,"ph_2_10",0.880002,1,0.861111,0,5,"<SELF>;look;ph_0_0;ph_1_0;mama;ph_0_3;ph_1_3;ph_2_3;ph_4_3;ph_2_0;ph_1_2;ph_2_2;ph_3_2;ph_4_2;babble_d_3;ph_0_4;ph_3_4;babble_o_6;babble_m_6;ph_1_6;ph_2_6;ball;ph_0_8;ph_1_8;ph_2_8;ph_3_8;ph_4_8;babble_p_9;ph_0_10;ph_1_10;ph_3_10;ph_0_7;ph_0_11;book;toy;cup"
2026-08-22 21:56:41,68,"like",0.0576016,3,0.819651,0,5,"<SELF>;look;ph_0_0;ph_1_0;mama;ph_0_3;ph_1_3;ph_2_3;ph_4_3;ph_2_0;ph_1_2;ph_2_2;ph_3_2;ph_4_2;babble_d_3;ph_0_4;ph_3_4;babble_o_6;babble_m_6;ph_1_6;ph_2_6;ball;ph_0_8;ph_1_8;ph_2_8;ph_3_8;ph_4_8;babble_p_9;ph_0_10;ph_1_10;ph_2_10;ph_3_10;ph_0_7;ph_0_11;book;toy;cup"
2026-08-22 21:56:42,21,"ph_1_3",0.918765,1,0.921875,0,5,"<SELF>;look;ph_0_0;ph_1_0;mama;ph_0_3;ph_2_3;ph_4_3;ph_2_0;ph_1_2;ph_2_2;ph_3_2;ph_4_2;babble_d_3;ph_0_4;ph_3_4;babble_o_6;babble_m_6;ph_1_6;ph_2_6;ball;ph_0_8;ph_1_8;ph_2_8;ph_3_8;ph_4_8;babble_p_9;ph_0_10;ph_1_10;ph_2_10;ph_3_10;ph_0_7;ph_0_11;book;toy;cup"
2026-08-22 21:56:42,33,"gaga",0.0306001,2,0.921505,0,5,"<SELF>;look;ph_0_0;ph_1_0;mama;ph_0_3;ph_1_3;ph_2_3;ph_4_3;ph_2_0;ph_1_2;ph_2_2;ph_3_2;ph_4_2;babble_d_3;ph_0_4;ph_3_4;babble_o_6;babble_m_6;ph_1_6;ph_2_6;ball;ph_0_8;ph_1_8;ph_2_8;ph_3_8;ph_4_8;babble_p_9;ph_0_10;ph_1_10;ph_2_10;ph_3_10;ph_0_7;ph_0_11;book;toy;cup"
2026-08-22 21:56:42,49,"ph_1_8",0.304851,1,0.903846,0,5,"<SELF>;look;ph_0_0;ph_1_0;mama;ph_0_3;ph_1_3;ph_2_3;ph_4_3;ph_2_0;ph_1_2;ph_2_2;ph_3_2;ph_4_2;babble_d_3;ph_0_4;ph_3_4;babble_o_6;babble_m_6;ph_1_6;ph_2_6;ball;ph_0_8;ph_2_8;ph_3_8;ph_4_8;babble_p_9;ph_0_10;ph_1_10;ph_2_10;ph_3_10;ph_0_7;ph_0_11;book;toy;cup"
2026-08-22 21:56:42,62,"hi",0.0324201,2,0.903846,0,5,"<SELF>;look;ph_0_0;ph_1_0;mama;ph_0_3;ph_1_3;ph_2_3;ph_4_3;ph_2_0;ph_1_2;ph_2_2;ph_3_2;ph_4_2;babble_d_3;ph_0_4;ph_3_4;babble_o_6;babble_m_6;ph_1_6;ph_2_6;ball;ph_0_8;ph_1_8;ph_2_8;ph_3_8;ph_4_8;babble_p_9;ph_0_10;ph_1_10;ph_2_10;ph_3_10;ph_0_7;ph_0_11;book;toy;cup"
2026-08-22 21:56:42,72,"want",0.0496884,2,0.820836,0,5,"<SELF>;look;ph_0_0;ph_1_0;mama;ph_0_3;ph_1_3;ph_2_3;ph_4_3;ph_2_0;ph_1_2;ph_2_2;ph_3_2;ph_4_2;babble_d_3;ph_0_4;ph_3_4;babble_o_6;babble_m_6;ph_1_6;ph_2_6;ball;ph_0_8;ph_1_8;ph_2_8;ph_3_8;ph_4_8;babble_p_9;ph_0_10;ph_1_10;ph_2_10;ph_3_10;ph_0_7;ph_0_11;book;toy;cup"
2026-08-22 21:56:42,27,"ph_2_0",0.786435,1,0.891304,0,5,"<SELF>;look;ph_0_0;ph_1_0;mama;ph_0_3;ph_1_3;ph_2_3;ph_4_3;ph_1_2;ph_2_2;ph_3_2;ph_4_2;babble_d_3;ph_0_4;ph_3_4;babble_o_6;babble_m_6;ph_1_6;ph_2_6;ball;ph_0_8;ph_1_8;ph_2_8;ph_3_8;ph_4_8;babble_p_9;ph_0_10;ph_1_10;ph_2_10;ph_3_10;ph_0_7;ph_0_11;book;toy;cup"
2026-08-22 21:56:42,40,"ph_3_4",0.218298,1,0.891304,0,5,"<SELF>;look;ph_0_0;ph_1_0;mama;ph_0_3;ph_1_3;ph_2_3;ph_4_3;ph_2_0;ph_1_2;ph_2_2;ph_3_2;ph_4_2;babble_d_3;ph_0_4;babble_o_6;babble_m_6;ph_1_6;ph_2_6;ball;ph_0_8;ph_1_8;ph_2_8;ph_3_8;ph_4_8;babble_p_9;ph_0_10;ph_1_10;ph_2_10;ph_3_10;ph_0_7;ph_0_11;book;toy;cup"
2026-08-22 21:56:42,56,"ph_0_10",0.341369,1,0.861111,0,5,"<SELF>;look;ph_0_0;ph_1_0;mama;ph_0_3;ph_1_3;ph_2_3;ph_4_3;ph_2_0;ph_1_2;ph_2_2;ph_3_2;ph_4_2;babble_d_3;ph_0_4;ph_3_4;babble_o_6;babble_m_6;ph_1_6;ph_2_6;ball;ph_0_8;ph_1_8;ph_2_8;ph_3_8;ph_4_8;babble_p_9;ph_1_10;ph_2_10;ph_3_10;ph_0_7;ph_0_11;book;toy;cup"
2026-08-22 21:56:42,66,"toy",0.994559,1,0.852941,0.268958,5,"<SELF>;look;ph_0_0;ph_1_0;mama;ph_0_3;ph_1_3;ph_2_3;ph_4_3;ph_2_0;ph_1_2;ph_2_2;ph_3_2;ph_4_2;babble_d_3;ph_0_4;ph_3_4;babble_o_6;babble_m_6;ph_1_6;ph_2_6;ball;ph_0_8;ph_1_8;ph_2_8;ph_3_8;ph_4_8;babble_p_9;ph_0_10;ph_1_10;ph_2_10;ph_3_10;ph_0_7;ph_0_11;book;cup"
2026-08-22 21:56:42,19,"mama",1,1,0.891304,0.256211,5,"<SELF>;look;ph_0_0;ph_1_0;ph_0_3;ph_1_3;ph_2_3;ph_4_3;ph_2_0;ph_1_2;ph_2_2;ph_3_2;ph_4_2;babble_d_3;ph_0_4;ph_3_4;babble_o_6;babble_m_6;ph_1_6;ph_2_6;ball;ph_0_8;ph_1_8;ph_2_8;ph_3_8;ph_4_8;babble_p_9;ph_0_10;ph_1_10;ph_2_10;ph_3_10;ph_0_7;ph_0_11;book;toy;cup"
2026-08-22 21:56:42,31,"ph_3_2",0.382182,1,0.891304,0,5,"<SELF>;look;ph_0_0;ph_1_0;mama;ph_0_3;ph_1_3;ph_2_3;ph_4_3;ph_2_0;ph_1_2;ph_2_2;ph_4_2;babble_d_3;ph_0_4;ph_3_4;babble_o_6;babble_m_6;ph_1_6;ph_2_6;ball;ph_0_8;ph_1_8;ph_2_8;ph_3_8;ph_4_8;babble_p_9;ph_0_10;ph_1_10;ph_2_10;ph_3_10;ph_0_7;ph_0_11;book;toy;cup"
2026-08-22 21:56:42,47,"ball",1,1,0.852941,0.267506,5,"<SELF>;look;ph_0_0;ph_1_0;mama;ph_0_3;ph_1_3;ph_2_3;ph_4_3;ph_2_0;ph_1_2;ph_2_2;ph_3_2;ph_4_2;babble_d_3;ph_0_4;ph_3_4;babble_o_6;babble_m_6;ph_1_6;ph_2_6;ph_0_8;ph_1_8;ph_2_8;ph_3_8;ph_4_8;babble_p_9;ph_0_10;ph_1_10;ph_2_10;ph_3_10;ph_0_7;ph_0_11;book;toy;cup"
2026-08-22 21:56:42,60,"papa",0.0343707,2,0.868421,0,5,"<SELF>;look;ph_0_0;ph_1_0;mama;ph_0_3;ph_1_3;ph_2_3;ph_4_3;ph_2_0;ph_1_2;ph_2_2;ph_3_2;ph_4_2;babble_d_3;ph_0_4;ph_3_4;babble_o_6;babble_m_6;ph_1_6;ph_2_6;ball;ph_0_8;ph_1_8;ph_2_8;ph_3_8;ph_4_8;babble_p_9;ph_0_10;ph_1_10;ph_2_10;ph_3_10;ph_0_7;ph_0_11;book;toy;cup"
2026-08-22 21:56:42,70,"please",0.0996884,7,0.818762,0,5,"<SELF>;look;ph_0_0;ph_1_0;mama;ph_0_3;ph_1_3;ph_2_3;ph_4_3;ph_2_0;ph_1_2;ph_2_2;ph_3_2;ph_4_2;babble_d_3;ph_0_4;ph_3_4;babble_o_6;babble_m_6;ph_1_6;ph_2_6;ball;ph_0_8;ph_1_8;ph_2_8;ph_3_8;ph_4_8;babble_p_9;ph_0_10;ph_1_10;ph_2_10;ph_3_10;ph_0_7;ph_0_11;book;toy;cup"
2026-08-22 21:56:42,23,"ph_3_3",0.0974328,1,0.868421,0,5,"<SELF>;look;ph_0_0;ph_1_0;mama;ph_0_3;ph_1_3;ph_2_3;ph_4_3;ph_2_0;ph_1_2;ph_2_2;ph_3_2;ph_4_2;babble_d_3;ph_0_4;ph_3_4;babble_o_6;babble_m_6;ph_1_6;ph_2_6;ball;ph_0_8;ph_1_8;ph_2_8;ph_3_8;ph_4_8;babble_p_9;ph_0_10;ph_1_10;ph_2_10;ph_3_10;ph_0_7;ph_0_11;book;toy;cup"
2026-08-22 21:56:42,38,"ph_1_4",0.0710369,1,0.868421,0,5,"<SELF>;look;ph_0_0;ph_1_0;mama;ph_0_3;ph_1_3;ph_2_3;ph_4_3;ph_2_0;ph_1_2;ph_2_2;ph_3_2;ph_4_2;babble_d_3;ph_0_4;ph_3_4;babble_o_6;babble_m_6;ph_1_6;ph_2_6;ball;ph_0_8;ph_1_8;ph_2_8;ph_3_8;ph_4_8;babble_p_9;ph_0_10;ph_1_10;ph_2_10;ph_3_10;ph_0_7;ph_0_11;book;toy;cup"
2026-08-22 21:56:42,51,"ph_3_8",0.617498,1,0.861111,0,5,"<SELF>;look;ph_0_0;ph_1_0;mama;ph_0_3;ph_1_3;ph_2_3;ph_4_3;ph_2_0;ph_1_2;ph_2_2;ph_3_2;ph_4_2;babble_d_3;ph_0_4;ph_3_4;babble_o_6;babble_m_6;ph_1_6;ph_2_6;ball;ph_0_8;ph_1_8;ph_2_8;ph_4_8;babble_p_9;ph_0_10;ph_1_10;ph_2_10;ph_3_10;ph_0_7;ph_0_11;book;toy;cup"
2026-08-22 21:56:42,64,"ph_0_15",0.0183121,1,0.852941,0,5,"<SELF>;look;ph_0_0;ph_1_0;mama;ph_0_3;ph_1_3;ph_2_3;ph_4_3;ph_2_0;ph_1_2;ph_2_2;ph_3_2;ph_4_2;babble_d_3;ph_0_4;ph_3_4;babble_o_6;babble_m_6;ph_1_6;ph_2_6;ball;ph_0_8;ph_1_8;ph_2_8;ph_3_8;ph_4_8;babble_p_9;ph_0_10;ph_1_10;ph_2_10;ph_3_10;ph_0_7;ph_0_11;book;toy;cup"
2026-08-22 21:56:42,17,"ph_1_0",0.298016,1,0.880952,0,5,"<SELF>;look;ph_0_0;mama;ph_0_3;ph_1_3;ph_2_3;ph_4_3;ph_2_0;ph_1_2;ph_2_2;ph_3_2;ph_4_2;babble_d_3;ph_0_4;ph_3_4;babble_o_6;babble_m_6;ph_1_6;ph_2_6;ball;ph_0_8;ph_1_8;ph_2_8;ph_3_8;ph_4_8;babble_p_9;ph_0_10;ph_1_10;ph_2_10;ph_3_10;ph_0_7;ph_0_11;book;toy;cup"
2026-08-22 21:56:42,29,"ph_1_2",0.534024,1,0.868421,0,5,"<SELF>;look;ph_0_0;ph_1_0;mama;ph_0_3;ph_1_3;ph_2_3;ph_4_3;ph_2_0;ph_2_2;ph_3_2;ph_4_2;babble_d_3;ph_0_4;ph_3_4;babble_o_6;babble_m_6;ph_1_6;ph_2_6;ball;ph_0_8;ph_1_8;ph_2_8;ph_3_8;ph_4_8;babble_p_9;ph_0_10;ph_1_10;ph_2_10;ph_3_10;ph_0_7;ph_0_11;book;toy;cup"
2026-08-22 21:56:42,45,"ph_1_6",0.757869,1,0.861111,0,5,"<SELF>;look;ph_0_0;ph_1_0;mama;ph_0_3;ph_1_3;ph_2_3;ph_4_3;ph_2_0;ph_1_2;ph_2_2;ph_3_2;ph_4_2;babble_d_3;ph_0_4;ph_3_4;babble_o_6;babble_m_6;ph_2_6;ball;ph_0_8;ph_1_8;ph_2_8;ph_3_8;ph_4_8;babble_p_9;ph_0_10;ph_1_10;ph_2_10;ph_3_10;ph_0_7;ph_0_11;book;toy;cup"
2026-08-22 21:56:42,58,"ph_2_10",0.880002,1,0.868421,0,5,"<SELF>;look;ph_0_0;ph_1_0;mama;ph_0_3;ph_1_3;ph_2_3;ph_4_3;ph_2_0;ph_1_2;ph_2_2;ph_3_2;ph_4_2;babble_d_3;ph_0_4;ph_3_4;babble_o_6;babble_m_6;ph_1_6;ph_2_6;ball;ph_0_8;ph_1_8;ph_2_8;ph_3_8;ph_4_8;babble_p_9;ph_0_10;ph_1_10;ph_3_10;ph_0_7;ph_0_11;book;toy;cup"
2026-08-22 21:56:42,68,"like",0.0576016,3,0.831533,0,5,"<SELF>;look;ph_0_0;ph_1_0;mama;ph_0_3;ph_1_3;ph_2_3;ph_4_3;ph_2_0;ph_1_2;ph_2_2;ph_3_2;ph_4_2;babble_d_3;ph_0_4;ph_3_4;babble_o_6;babble_m_6;ph_1_6;ph_2_6;ball;ph_0_8;ph_1_8;ph_2_8;ph_3_8;ph_4_8;babble_p_9;ph_0_10;ph_1_10;ph_2_10;ph_3_10;ph_0_7;ph_0_11;book;toy;cup"
2026-08-22 21:56:42,21,"ph_1_3",0.918765,1,0.924242,0,5,"<SELF>;look;ph_0_0;ph_1_0;mama;ph_0_3;ph_2_3;ph_4_3;ph_2_0;ph_1_2;ph_2_2;ph_3_2;ph_4_2;babble_d_3;ph_0_4;ph_3_4;babble_o_6;babble_m_6;ph_1_6;ph_2_6;ball;ph_0_8;ph_1_8;ph_2_8;ph_3_8;ph_4_8;babble_p_9;ph_0_10;ph_1_10;ph_2_10;ph_3_10;ph_0_7;ph_0_11;book;toy;cup"
2026-08-22 21:56:42,33,"gaga",0.0306001,2,0.923884,0,5,"<SELF>;look;ph_0_0;ph_1_0;mama;ph_0_3;ph_1_3;ph_2_3;ph_4_3;ph_2_0;ph_1_2;ph_2_2;ph_3_2;ph_4_2;babble_d_3;ph_0_4;ph_3_4;babble_o_6;babble_m_6;ph_1_6;ph_2_6;ball;ph_0_8;ph_1_8;ph_2_8;ph_3_8;ph_4_8;babble_p_9;ph_0_10;ph_1_10;ph_2_10;ph_3_10;ph_0_7;ph_0_11;book;toy;cup"
2026-08-22 21:56:42,49,"ph_1_8",0.304851,1,0.907407,0,5,"<SELF>;look;ph_0_0;ph_1_0;mama;ph_0_3;ph_1_3;ph_2_3;ph_4_3;ph_2_0;ph_1_2;ph_2_2;ph_3_2;ph_4_2;babble_d_3;ph_0_4;ph_3_4;babble_o_6;babble_m_6;ph_1_6;ph_2_6;ball;ph_0_8;ph_2_8;ph_3_8;ph_4_8;babble_p_9;ph_0_10;ph_1_10;ph_2_10;ph_3_10;ph_0_7;ph_0_11;book;toy;cup"
2026-08-22 21:56:42,62,"hi",0.0324201,2,0.907407,0,5,"<SELF>;look;ph_0_0;ph_1_0;mama;ph_0_3;ph_1_3;ph_2_3;ph_4_3;ph_2_0;ph_1_2;ph_2_2;ph_3_2;ph_4_2;babble_d_3;ph_0_4;ph_3_4;babble_o_6;babble_m_6;ph_1_6;ph_2_6;ball;ph_0_8;ph_1_8;ph_2_8;ph_3_8;ph_4_8;babble_p_9;ph_0_10;ph_1_10;ph_2_10;ph_3_10;ph_0_7;ph_0_11;book;toy;cup"
2026-08-22 21:56:42,72,"want",0.0596884,3,0.832373,0,5,"<SELF>;look;ph_0_0;ph_1_0;mama;ph_0_3;ph_1_3;ph_2_3;ph_4_3;ph_2_0;ph_1_2;ph_2_2;ph_3_2;ph_4_2;babble_d_3;ph_0_4;ph_3_4;babble_o_6;babble_m_6;ph_1_6;ph_2_6;ball;ph_0_8;ph_1_8;ph_2_8;ph_3_8;ph_4_8;babble_p_9;ph_0_10;ph_1_10;ph_2_10;ph_3_10;ph_0_7;ph_0_11;book;toy;cup"
2026-08-22 21:56:42,27,"ph_2_0",0.786435,1,0.895833,0,5,"<SELF>;look;ph_0_0;ph_1_0;mama;ph_0_3;ph_1_3;ph_2_3;ph_4_3;ph_1_2;ph_2_2;ph_3_2;ph_4_2;babble_d_3;ph_0_4;ph_3_4;babble_o_6;babble_m_6;ph_1_6;ph_2_6;ball;ph_0_8;ph_1_8;ph_2_8;ph_3_8;ph_4_8;babble_p_9;ph_0_10;ph_1_10;ph_2_10;ph_3_10;ph_0_7;ph_0_11;book;toy;cup"
2026-08-22 21:56:42,40,"ph_3_4",0.218298,1,0.895833,0,5,"<SELF>;look;ph_0_0;ph_1_0;mama;ph_0_3;ph_1_3;ph_2_3;ph_4_3;ph_2_0;ph_1_2;ph_2_2;ph_3_2;ph_4_2;babble_d_3;ph_0_4;babble_o_6;babble_m_6;ph_1_6;ph_2_6;ball;ph_0_8;ph_1_8;ph_2_8;ph_3_8;ph_4_8;babble_p_9;ph_0_10;ph_1_10;ph_2_10;ph_3_10;ph_0_7;ph_0_11;book;toy;cup"
2026-08-22 21:56:42,56,"ph_0_10",0.341369,1,0.868421,0,5,"<SELF>;look;ph_0_0;ph_1_0;mama;ph_0_3;ph_1_3;ph_2_3;ph_4_3;ph_2_0;ph_1_2;ph_2_2;ph_3_2;ph_4_2;babble_d_3;ph_0_4;ph_3_4;babble_o_6;babble_m_6;ph_1_6;ph_2_6;ball;ph_0_8;ph_1_8;ph_2_8;ph_3_8;ph_4_8;babble_p_9;ph_1_10;ph_2_10;ph_3_10;ph_0_7;ph_0_11;book;toy;cup"
2026-08-22 21:56:42,66,"toy",0.994559,1,0.861111,0.268958,5,"<SELF>;look;ph_0_0;ph_1_0;mama;ph_0_3;ph_1_3;ph_2_3;ph_4_3;ph_2_0;ph_1_2;ph_2_2;ph_3_2;ph_4_2;babble_d_3;ph_0_4;ph_3_4;babble_o_6;babble_m_6;ph_1_6;ph_2_6;ball;ph_0_8;ph_1_8;ph_2_8;ph_3_8;ph_4_8;babble_p_9;ph_0_10;ph_1_10;ph_2_10;ph_3_10;ph_0_7;ph_0_11;book;cup"
2026-08-22 21:56:42,19,"mama",1,1,0.895833,0.256211,5,"<SELF>;look;ph_0_0;ph_1_0;ph_0_3;ph_1_3;ph_2_3;ph_4_3;ph_2_0;ph_1_2;ph_2_2;ph_3_2;ph_4_2;babble_d_3;ph_0_4;ph_3_4;babble_o_6;babble_m_6;ph_1_6;ph_2_6;ball;ph_0_8;ph_1_8;ph_2_8;ph_3_8;ph_4_8;babble_p_9;ph_0_10;ph_1_10;ph_2_10;ph_3_10;ph_0_7;ph_0_11;book;toy;cup"
2026-08-22 21:56:42,31,"ph_3_2",0.382182,1,0.895833,0,5,"<SELF>;look;ph_0_0;ph_1_0;mama;ph_0_3;ph_1_3;ph_2_3;ph_4_3;ph_2_0;ph_1_2;ph_2_2;ph_4_2;babble_d_3;ph_0_4;ph_3_4;babble_o_6;babble_m_6;ph_1_6;ph_2_6;ball;ph_0_8;ph_1_8;ph_2_8;ph_3_8;ph_4_8;babble_p_9;ph_0_10;ph_1_10;ph_2_10;ph_3_10;ph_0_7;ph_0_11;book;toy;cup"
2026-08-22 21:56:42,47,"ball",1,1,0.861111,0.267506,5,"<SELF>;look;ph_0_0;ph_1_0;mama;ph_0_3;ph_1_3;ph_2_3;ph_4_3;ph_2_0;ph_1_2;ph_2_2;ph_3_2;ph_4_2;babble_d_3;ph_0_4;ph_3_4;babble_o_6;babble_m_6;ph_1_6;ph_2_6;ph_0_8;ph_1_8;ph_2_8;ph_3_8;ph_4_8;babble_p_9;ph_0_10;ph_1_10;ph_2_10;ph_3_10;ph_0_7;ph_0_11;book;toy;cup"
2026-08-22 21:56:42,60,"papa",0.0343707,2,0.875,0,5,"<SELF>;look;ph_0_0;ph_1_0;mama;ph_0_3;ph_1_3;ph_2_3;ph_4_3;ph_2_0;ph_1_2;ph_2_2;ph_3_2;ph_4_2;babble_d_3;ph_0_4;ph_3_4;babble_o_6;babble_m_6;ph_1_6;ph_2_6;ball;ph_0_8;ph_1_8;ph_2_8;ph_3_8;ph_4_8;babble_p_9;ph_0_10;ph_1_10;ph_2_10;ph_3_10;ph_0_7;ph_0_11;book;toy;cup"
2026-08-22 21:56:42,70,"please",0.0996884,7,0.829973,0,5,"<SELF>;look;ph_0_0;ph_1_0;mama;ph_0_3;ph_1_3;ph_2_3;ph_4_3;ph_2_0;ph_1_2;ph_2_2;ph_3_2;ph_4_2;babble_d_3;ph_0_4;ph_3_4;babble_o_6;babble_m_6;ph_1_6;ph_2_6;ball;ph_0_8;ph_1_8;ph_2_8;ph_3_8;ph_4_8;babble_p_9;ph_0_10;ph_1_10;ph_2_10;ph_3_10;ph_0_7;ph_0_11;book;toy;cup"
2026-08-22 21:56:42,23,"ph_3_3",0.0974328,1,0.875,0,5,"<SELF>;look;ph_0_0;ph_1_0;mama;ph_0_3;ph_1_3;ph_2_3;ph_4_3;ph_2_0;ph_1_2;ph_2_2;ph_3_2;ph_4_2;babble_d_3;ph_0_4;ph_3_4;babble_o_6;babble_m_6;ph_1_6;ph_2_6;ball;ph_0_8;ph_1_8;ph_2_8;ph_3_8;ph_4_8;babble_p_9;ph_0_10;ph_1_10;ph_2_10;ph_3_10;ph_0_7;ph_0_11;book;toy;cup"
2026-08-22 21:56:42,38,"ph_1_4",0.0710369,1,0.875,0,5,"<SELF>;look;ph_0_0;ph_1_0;mama;ph_0_3;ph_1_3;ph_2_3;ph_4_3;ph_2_0;ph_1_2;ph_2_2;ph_3_2;ph_4_2;babble_d_3;ph_0_4;ph_3_4;babble_o_6;babble_m_6;ph_1_6;ph_2_6;ball;ph_0_8;ph_1_8;ph_2_8;ph_3_8;ph_4_8;babble_p_9;ph_0_10;ph_1_10;ph_2_10;ph_3_10;ph_0_7;ph_0_11;book;toy;cup"
2026-08-22 21:56:42,51,"ph_3_8",0.617498,1,0.868421,0,5,"<SELF>;look;ph_0_0;ph_1_0;mama;ph_0_3;ph_1_3;ph_2_3;ph_4_3;ph_2_0;ph_1_2;ph_2_2;ph_3_2;ph_4_2;babble_d_3;ph_0_4;ph_3_4;babble_o_6;babble_m_6;ph_1_6;ph_2_6;ball;ph_0_8;ph_1_8;ph_2_8;ph_4_8;babble_p_9;ph_0_10;ph_1_10;ph_2_10;ph_3_10;ph_0_7;ph_0_11;book;toy;cup"
2026-08-22 21:56:42,64,"ph_0_15",0.0183121,1,0.861111,0,5,"<SELF>;look;ph_0_0;ph_1_0;mama;ph_0_3;ph_1_3;ph_2_3;ph_4_3;ph_2_0;ph_1_2;ph_2_2;ph_3_2;ph_4_2;babble_d_3;ph_0_4;ph_3_4;babble_o_6;babble_m_6;ph_1_6;ph_2_6;ball;ph_0_8;ph_1_8;ph_2_8;ph_3_8;ph_4_8;babble_p_9;ph_0_10;ph_1_10;ph_2_10;ph_3_10;ph_0_7;ph_0_11;book;toy;cup"
2026-08-22 21:56:42,17,"ph_1_0",0.298016,1,0.886364,0,5,"<SELF>;look;ph_0_0;mama;ph_0_3;ph_1_3;ph_2_3;ph_4_3;ph_2_0;ph_1_2;ph_2_2;ph_3_2;ph_4_2;babble_d_3;ph_0_4;ph_3_4;babble_o_6;babble_m_6;ph_1_6;ph_2_6;ball;ph_0_8;ph_1_8;ph_2_8;ph_3_8;ph_4_8;babble_p_9;ph_0_10;ph_1_10;ph_2_10;ph_3_10;ph_0_7;ph_0_11;book;toy;cup"
2026-08-22 21:56:42,29,"ph_1_2",0.534024,1,0.875,0,5,"<SELF>;look;ph_0_0;ph_1_0;mama;ph_0_3;ph_1_3;ph_2_3;ph_4_3;ph_2_0;ph_2_2;ph_3_2;ph_4_2;babble_d_3;ph_0_4;ph_3_4;babble_o_6;babble_m_6;ph_1_6;ph_2_6;ball;ph_0_8;ph_1_8;ph_2_8;ph_3_8;ph_4_8;babble_p_9;ph_0_10;ph_1_10;ph_2_10;ph_3_10;ph_0_7;ph_0_11;book;toy;cup"
2026-08-22 21:56:42,45,"ph_1_6",0.757869,1,0.868421,0,5,"<SELF>;look;ph_0_0;ph_1_0;mama;ph_0_3;ph_1_3;ph_2_3;ph_4_3;ph_2_0;ph_1_2;ph_2_2;ph_3_2;ph_4_2;babble_d_3;ph_0_4;ph_3_4;babble_o_6;babble_m_6;ph_2_6;ball;ph_0_8;ph_1_8;ph_2_8;ph_3_8;ph_4_8;babble_p_9;ph_0_10;ph_1_10;ph_2_10;ph_3_10;ph_0_7;ph_0_11;book;toy;cup"
2026-08-22 21:56:42,58,"ph_2_10",0.880002,1,0.875,0,5,"<SELF>;look;ph_0_0;ph_1_0;mama;ph_0_3;ph_1_3;ph_2_3;ph_4_3;ph_2_0;ph_1_2;ph_2_2;ph_3_2;ph_4_2;babble_d_3;ph_0_4;ph_3_4;babble_o_6;babble_m_6;ph_1_6;ph_2_6;ball;ph_0_8;ph_1_8;ph_2_8;ph_3_8;ph_4_8;babble_p_9;ph_0_10;ph_1_10;ph_3_10;ph_0_7;ph_0_11;book;toy;cup"
2026-08-22 21:56:42,68,"like",0.0576016,3,0.841965,0,5,"<SELF>;look;ph_0_0;ph_1_0;mama;ph_0_3;ph_1_3;ph_2_3;ph_4_3;ph_2_0;ph_1_2;ph_2_2;ph_3_2;ph_4_2;babble_d_3;ph_0_4;ph_3_4;babble_o_6;babble_m_6;ph_1_6;ph_2_6;ball;ph_0_8;ph_1_8;ph_2_8;ph_3_8;ph_4_8;babble_p_9;ph_0_10;ph_1_10;ph_2_10;ph_3_10;ph_0_7;ph_0_11;book;toy;cup"
