{
  "test_metadata": {
    "total_neurons": 1000000,
    "test_date": "2025-01-01",
    "test_type": "Theoretical Assembly Analysis",
    "seed": 42
  },
  "assembly_summary": {
    "total_assemblies": 73,
    "assembly_parameters": {
      "expected_assemblies": 75,
      "size_distribution": {
        "small": {
          "range": [
            5,
            50
          ],
          "probability": 0.7
        },
        "medium": {
          "range": [
            50,
            500
          ],
          "probability": 0.25
        },
        "large": {
          "range": [
            500,
            5000
          ],
          "probability": 0.05
        }
      },
      "connectivity_params": {
        "intra_assembly_density": 0.4,
        "inter_assembly_density": 0.02,
        "background_density": 0.001
      }
    },
    "theoretical_predictions": {
      "expected_range": "50-200 assemblies",
      "actual_generated": 73,
      "prediction_accuracy": "Within expected range"
    }
  },
  "detailed_statistics": {
    "size_statistics": {
      "total_assemblies": 73,
      "size_mean": 242.6164383561644,
      "size_std": 732.664617626347,
      "size_median": 41.0,
      "size_min": "5",
      "size_max": "4450",
      "size_distribution": {
        "small": 50,
        "medium": 20,
        "large": 3
      }
    },
    "cohesion_statistics": {
      "cohesion_mean": 5.1037982149097,
      "cohesion_std": 1.6572274839769316,
      "cohesion_median": 5.242865023194594,
      "high_cohesion_assemblies": 41
    },
    "stability_statistics": {
      "stability_mean": 0.7884612596653018,
      "stability_std": 0.09843461371129819,
      "stable_assemblies": 35
    },
    "coverage_statistics": {
      "neurons_in_assemblies": 17711,
      "coverage_percentage": 1.7711000000000001,
      "unassigned_neurons": 982289
    }
  },
  "assembly_details": [
    {
      "id": 0,
      "neurons": [
        "624589",
        "79954",
        "567130",
        "500891",
        "55399",
        "135049",
        "693951",
        "732058",
        "51333",
        "731480",
        "399758",
        "401397",
        "855486",
        "760444",
        "503247",
        "864742",
        "35032",
        "755112",
        "376761",
        "826219",
        "577745",
        "650818",
        "219339",
        "625208",
        "625692",
        "215339",
        "443417",
        "692728",
        "336983",
        "518812",
        "915574",
        "2085",
        "849777",
        "677815",
        "820424",
        "543082",
        "529927",
        "66336",
        "272966",
        "876376",
        "443181",
        "38747",
        "244518"
      ],
      "size": 43,
      "category": "small",
      "cohesion_score": 3.5109736425719587,
      "stability_score": 0.8912278030918883
    },
    {
      "id": 1,
      "neurons": [
        "154735",
        "533035",
        "570764",
        "375866",
        "387415",
        "444434",
        "547035",
        "391688",
        "11622",
        "877427",
        "3456",
        "878663",
        "148199",
        "768270",
        "149109",
        "886388",
        "601497",
        "505295",
        "941906",
        "53035",
        "122778",
        "824143",
        "684083",
        "644375",
        "900375",
        "39480",
        "665957",
        "208778",
        "834202",
        "134021",
        "416824",
        "328782"
      ],
      "size": 32,
      "category": "small",
      "cohesion_score": 3.573734810190777,
      "stability_score": 0.8347604173498346
    },
    {
      "id": 2,
      "neurons": [
        "267081",
        "619499",
        "411905",
        "998775",
        "37461",
        "616786",
        "966676",
        "170820",
        "151522",
        "299977",
        "216508",
        "311424",
        "769823",
        "868358",
        "521557",
        "281905",
        "76876",
        "143079",
        "523641",
        "682709",
        "607944",
        "201736",
        "264172",
        "552336",
        "124067",
        "255919",
        "413167",
        "704722",
        "519858",
        "919039",
        "584103",
        "70859",
        "262205",
        "358676",
        "961957",
        "163907",
        "386876",
        "911134",
        "692245"
      ],
      "size": 39,
      "category": "small",
      "cohesion_score": 3.632139092958238,
      "stability_score": 0.7313313049720389
    },
    {
      "id": 3,
      "neurons": [
        "948462",
        "716098",
        "483053",
        "913080",
        "370148",
        "608156",
        "518765",
        "698264",
        "849402",
        "58409",
        "143809",
        "593575",
        "534215",
        "519446",
        "309482",
        "956890",
        "428466",
        "666281",
        "420224",
        "260384",
        "540610",
        "841983",
        "285751",
        "370344",
        "100799",
        "937346",
        "77004",
        "335397",
        "329025",
        "651067",
        "71658",
        "727208",
        "672459"
      ],
      "size": 33,
      "category": "small",
      "cohesion_score": 4.211743887415633,
      "stability_score": 0.6265558144781497
    },
    {
      "id": 4,
      "neurons": [
        "831496",
        "94496",
        "566133",
        "346736",
        "607948",
        "933763",
        "728605",
        "944395",
        "453397",
        "604892",
        "287518",
        "426873",
        "620076",
        "334954",
        "447308",
        "710572",
        "664978",
        "590684",
        "105774",
        "197189",
        "969409",
        "57228",
        "281885",
        "989412"
      ],
      "size": 24,
      "category": "small",
      "cohesion_score": 3.690309803973393,
      "stability_score": 0.6143765705922889
    },
    {
      "id": 5,
      "neurons": [
        "938328",
        "120020",
        "493507",
        "768112",
        "513052",
        "263677",
        "588079",
        "276063",
        "979590"
      ],
      "size": 9,
      "category": "small",
      "cohesion_score": 7.687557838599871,
      "stability_score": 0.9110977630579375
    },
    {
      "id": 6,
      "neurons": [
        "763228",
        "279737",
        "877932",
        "30063",
        "777285",
        "92857",
        "707533",
        "895948",
        "113688",
        "971984",
        "784936",
        "623812",
        "613667",
        "148775",
        "937697",
        "478651",
        "3431",
        "484934",
        "567052",
        "28624",
        "607369",
        "156178",
        "707405",
        "47104",
        "240467",
        "802509",
        "765322",
        "244639",
        "610100",
        "978811",
        "49375",
        "230480",
        "192699",
        "122557",
        "604008",
        "187363",
        "474173",
        "61758",
        "441253"
      ],
      "size": 39,
      "category": "small",
      "cohesion_score": 2.531560992027837,
      "stability_score": 0.9420150820249867
    },
    {
      "id": 7,
      "neurons": [
        "737730",
        "826198",
        "548202",
        "92642",
        "137400",
        "535845",
        "375579",
        "141713",
        "225071",
        "888948",
        "838959",
        "288356",
        "196365",
        "515636",
        "611798",
        "102751",
        "126503",
        "655761",
        "610988",
        "114321",
        "113531",
        "955155",
        "971292",
        "762804",
        "224320",
        "332307",
        "271640",
        "120713",
        "109345",
        "539356",
        "253734"
      ],
      "size": 31,
      "category": "small",
      "cohesion_score": 2.4481036230959337,
      "stability_score": 0.8953277836614437
    },
    {
      "id": 8,